name,price,discount_rate,rating_average,review_count,quantity_sold,sales_status
Sữa rửa mặt sen Hậu Giang Cocoon 310ml,338727,0,0.0,0,771,Hot
Nước Tẩy Trang Sen Hậu Giang Sạch Bụi Siêu Mịn PM1.0 - Có Prebiotics Dịu Êm Cho Da Rất Nhạy Cảm Cocoon 500ml,260500,16,5.0,1,898,Hot
[Qùa tặng] Sữa rửa mặt kiểm soát nhờn ngăn ngừa mụn dạng gel Acnes Oil Control Cleanser 50g,40000,2,0.0,0,9,Slow
Serum Sáng Đa Tầng Pond'S Bright Miracle Mờ Thâm Sạm Với 50X Niasorcinol 30gr,184000,3,5.0,1,20,Slow
Sữa rửa mặt Hada Labo dưỡng ẩm cao cấp Premium Cleanser Hydrating 100g,99000,20,5.0,3,31,Slow
Sữa rửa mặt X-Men 100g Detox/Sáng da/Ngừa mụn/Kiểm soát nhờn/Mát lạnh,62000,25,5.0,3,51,Slow
Xịt khoáng dưỡng ẩm - làm dịu và bảo vệ da Evoluderm Atomiseur Eau Pure,105000,46,5.0,19,169,Slow
Nước tẩy trang bí đao Cocoon 500ml,279350,7,5.0,31,26858,Hot
Tẩy Da Chết Mặt Cà Phê Đắk Lắk Cocoon 150ml,157000,9,4.8,39,24722,Hot
Xịt chống nắng bảo vệ đa chiều Skin Aqua Ultra Protection Mist 60ml,179000,19,5.0,3,36,Slow
Kem chống nắng dạng gel dịu nhẹ cho da nhạy cảm và trẻ em Anessa Mineral UV sunscreen mild gel For Sensitive Skin & Babies SPF 35+ PA++++ 90g,442000,23,4.5,5,126,Slow
Kem Làm Mờ Sẹo Thâm - Sẹo Rỗ - Sẹo Lõm Scar Esthetique của Rejuvaskin - thương hiệu hỗ trợ trị sẹo Hoa Kỳ ,318000,24,4.6,1581,5231,Hot
Kem dưỡng trắng dạng gel Hada Labo Perfect White Tranexamic Acid Cream 50g,236000,15,4.5,28,1058,Hot
Kem chấm mụn chuyên sâu Acnes Blemish Clear Cream 10g,57000,15,4.8,91,7112,Hot
Sữa Rửa Mặt Nivea Men Hạt Mát Xa Sạch Nhờn Mát Lạnh (100G) - 88880 - Sữa Rửa Mặt NIVEA MEN Bọt Mịn Sạch Nhờn Mát Lạnh  NIVEA (100G) - 88869,74000,10,4.5,8,22199,Hot
Kem Dưỡng Mềm Da Nivea Soft Crème (200 Ml) - 89050,201000,11,0.0,0,100,Slow
Nước Tẩy Trang NIVEA Hokkaido Rose Làm Sạch Trang Điểm Hiệu Quả (400 Ml) - 86550,175500,12,0.0,0,4,Slow
Sữa rửa mặt dưỡng trắng Hada Labo Perfect White Tranexamic Acid Cleanser 80g,83000,19,4.7,656,78170,Hot
Kem dưỡng trắng Hada Labo Perfect White Tranexamic Acid Cream 50g,218000,15,4.7,882,7556,Hot
Sữa rửa mặt ngăn ngừa mụn Acnes Creamy Wash 100g,59000,23,5.0,247,237816,Hot
Gel chấm mụn đầu trắng và đầu đen Acnes Sealing Jell 18g,57000,23,4.7,337,11866,Hot
Sữa rửa mặt cho nam Oxy sạch sâu mát lạnh dạng kem Oxy Perfect Wash 100g,64000,25,4.8,104,69128,Hot
Sữa rửa mặt cho nam Oxy sạch sâu giảm nhờn dạng kem có hạt massage Oxy Deep Wash 100g,76000,15,4.8,256,63796,Hot
Kem Rửa Mặt Tút Sáng Từ Đất Sét Trắng Oxy White Complete (100g),68000,17,4.7,171,25521,Hot
Sữa rửa mặt kiểm soát nhờn ngăn ngừa mụn dạng gel Acnes Oil Control Cleanser 100g,59000,23,4.7,319,116984,Hot
Combo 3 Bông Tẩy Trang Jomi (120 Miếng/Túi),99000,20,5.0,42,398,Slow
Miếng dán mụn giúp giảm mụn sưng viêm Acnes Clear Patch (24 Miếng),50500,22,4.7,327,173820,Hot
Sữa rửa mặt vitamin làm sáng da - mờ sẹo thâm dạng kem Acnes Vitamin Cleanser 100g,59000,23,4.8,324,135358,Hot
Phim Thấm Dầu Acnes Oil Remover Film 50 Tờ,62000,10,5.0,115,66134,Hot
Giấy thấm dầu kiểm soát nhờn - ngừa mụn Acnes Oil Remover Paper 100 tờ,26500,22,4.7,269,150127,Hot
Kem chống nắng Skin Aqua dưỡng trắng - kiểm dầu - dùng hàng ngày dạng sữa Sunplay Skin Aqua Clear White Eco Việt Nam SPF50 - PA++++ 25g,113000,16,4.8,498,38465,Hot
Kem chống nắng Sunplay cho bé từ 6 tháng tuổi và da nhạy cảm - dạng sữa Sunplay Baby Mild SPF 35 - PA++ 30g,87000,19,4.8,148,4032,Hot
Kem chống nắng Sunplay cực mạnh dạng sữa Sunplay Super Block SPF 81 - PA++++ 30g,85000,24,5.0,287,63325,Hot
Combo 3 Bông Tẩy Trang Jomi (80 Miếng / Túi),70000,22,4.6,188,3414,Hot
Kem mờ sẹo và thâm dạng gel Acnes Scar Care 12g,70500,16,4.7,394,18269,Hot
Sữa rửa mặt cải thiện dấu hiệu lão hóa dạng kem Hada Labo Pro-Aging Retinol B3 Cleanser 80g,87000,15,4.7,479,54944,Hot
Kem dưỡng cải thiện lão hóa Hada Labo Pro-Aging Retinol B3 Cream 50g,243000,20,4.7,631,7146,Hot
Sữa rửa mặt dưỡng ẩm tối ưu Hada Labo Advanced Nourish Cleanser 80g,77000,16,4.7,1253,116709,Hot
Kem chống nắng Sunplay cực mạnh dạng sữa Sunplay Super Block SPF 81 - PA++++ 70g,168000,16,4.8,421,32403,Hot
Sữa Rửa Mặt Tạo Bọt Chiết Xuất Tơ Tằm Trắng Senka Perfect Whip 120g - 14839,90000,24,4.2,572,20351,Hot
[Gift] Cài tóc Hada Labo xinh xắn (màu ngẫu nhiên),15000,0,0.0,0,42,Slow
Gel Rửa Mặt Simple Dưỡng Ẩm Cho Da Dạng Gel 150ml Water Boost Micellar Facial Gel Wash,103500,26,5.0,1,1815,Hot
Combo 10 Mặt Nạ Tăng Sinh Collagen Cấp Tốc Dr.WonJin Instant Repair Triple Peptide Wrinkle Solution Mask 30g x10,298500,25,5.0,1,25,Slow
Cà Phê Đăk Lăk Làm Sạch Da Chết Môi Cocoon 5g,61500,16,5.0,4,2600,Hot
Serum dưỡng ẩm chuyên sâu - làm dịu da Acnes Lab B5 Recovery Serum 25ml,369000,15,4.8,6,69,Slow
Sữa rửa mặt cho nam Oxy sạch dịu nhẹ - kiềm dầu dạng kem Oxy Oil Acne Wash 100g,78500,19,5.0,9,60,Slow
Sữa rửa mặt nghệ Hưng Yên Cocoon 310ml,250750,16,5.0,7,953,Hot
Combo 2 Sữa rửa mặt ngừa mụn - dưỡng ẩm và làm sáng da hatomugi 130g/tuýp,188000,0,0.0,0,2,Slow
Kem Dưỡng Olay Luminous Sáng Da Mờ Thâm Nám Ban Đêm 50g,193500,28,4.3,7,395,Slow
Serum L'Oreal Giảm Bọng Mắt & Làm Đầy Rãnh Nhăn 20ml Revitalift 2.5% Hyaluronic Acid + Caffeine Eye Serum,305000,0,0.0,0,9,Slow
Giấy thấm dầu trà xanh Acnes Oil Remover Paper Green Tea 100 tờ,36000,12,4.7,10,6955,Hot
Bộ travel size dưỡng trắng Hada Labo Perfect White Tranexamic Acid Travel Set (Kem rửa mặt 15g+Dung dịch dưỡng 20ml+Kem dưỡng 12g),80000,14,5.0,10,87,Slow
Nước tẩy trang cho da mụn Acnes Micellar Water 200ml,86000,19,4.8,22,197,Slow
Combo 3 Miếng Dán Giảm Mụn Mayancare 20 Miếng (0.8cm),82000,22,5.0,15,182,Slow
Miếng dán mụn giúp giảm mụn sưng viêm Acnes Clear Patch (48 Miếng),86000,19,4.8,34,579,Hot
Sữa rửa mặt ngăn ngừa mụn dạng gel Acnes Gentle Wash 100g,59000,23,5.0,44,7100,Hot
Nước Hoa Hồng Diếp Cá Giúp Cân Bằng Da Dokudami Nội Địa Nhật Bản 500ml,95000,0,5.0,3,12,Slow
Kem Dưỡng Da Ban Ngày OLAY Luminous Trắng Da Mờ Thâm Nám SPF15+ 50g,198500,26,4.5,7,690,Hot
Sữa rửa mặt Simple giúp cấp ẩm - da trông khỏe và mịn màng - cho da khô nhạy cảm 150ml [CHÍNH HÃNG ĐỘC QUYỀN] [MỚI],135000,4,4.7,228,8898,Hot
Combo 10 Mặt Nạ BNBG Hydrating Vita Genic Jelly Mask Dưỡng Ẩm Da Đa Tầng 30mlx10,170000,42,5.0,6,65,Slow
Kem dưỡng trắng dạng gel giúp cải thiện thâm sạm Melano CC Whitening Gel 100g,301000,20,4.5,102,569,Hot
Bộ đôi Kem chống nắng dạng sữa dưỡng da kiềm dầu bảo vệ hoàn hảo + Kem chống nắng dạng xịt dưỡng da bảo vệ hoàn hảo (Anessa Gold Milk 60ml + Gold Spray 60g),854000,27,5.0,4,229,Slow
Kem dưỡng ẩm dạng gel Hada Labo Koi-Gokujyun Perfect Gel 100g,351000,20,4.7,70,389,Slow
Sữa rửa mặt NIVEA Pearl White Đất Sét giúp trắng da ngọc trai (100g) - 81273,74000,6,4.8,6,9137,Hot
Sữa Rửa Mặt Tạo Bọt NIVEA Chiết Xuất Hoa Hồng Hokkaido (100ml) - 84984,76500,27,5.0,1,7,Slow
Kem chống nắng dạng gel dưỡng ẩm bảo vệ hoàn hảo Anessa Perfect UV Sunscreen Skincare Gel SPF50+ PA++++ 90g,439500,24,4.7,30,2150,Hot
Kem dưỡng ẩm chống nắng ban ngày dạng gel Hada Labo Koi-Gokujyun UV White Gel SPF50+ PA++++ 90g,358500,20,4.6,256,1621,Hot
Dung dịch dưỡng ẩm tối ưu Hada Labo Advanced Nourish Lotion dùng cho da thường và da khô 100ml,89000,39,4.8,228,1676,Hot
Kem chống nắng dạng tinh chất Senka Perfect UV Essence 50g,154500,26,4.5,151,1239,Hot
Sữa chống nắng nâng tông Skin Aqua Tone up Lavender cho da tối màu & da vàng Sunplay Skin Aqua Tone Up UV Milk Lavender SPF 50+ PA++++ 50g,163000,19,4.7,792,12424,Hot
Bộ 3 Hộp Silcot Bông Trang Điểm (bông tẩy trang) Nhật Bản Cao Cấp (66 Miếng/Hộp),110000,25,4.7,492,8980,Hot
Bộ 3 Hộp Silcot Bông Trang Điểm (bông tẩy trang) Nhật Bản (82 Miếng/Hộp),100000,24,4.8,1660,20438,Hot
Sữa Rửa Mặt Mịn Và Săn Chắc Da Senka Perfect Whip Collagen In 120G - [4901872462087],100000,22,4.6,59,128915,Hot
Lotion dưỡng ẩm cao cấp - Siêu cấp ẩm cho da căng mượt Hada Labo Gokujyun Premium Hydrating Lotion (170ml),275500,20,4.7,387,2585,Hot
Kem chống nắng Skin Aqua cho da mụn - dạng sữa dùng hàng ngày Sunplay Skin Aqua Acne Clear Eco Việt Nam SPF 50 - PA++++ 25g,111000,20,4.8,428,8681,Hot
Kem chống nắng Sunplay dưỡng trắng da - dạng sữa Sunplay Whitening UV SPF 50 - PA++++ 30g,87000,19,4.8,205,4114,Hot
Dầu tẩy trang dưỡng ẩm Hada Labo Advanced Nourish Hyaluron Cleasing Oil 200ml,203500,24,4.7,290,3470,Hot
Serum chấm mụn chuyên biệt cho da mụn ở tuổi trưởng thành Acnes 25+ Facial Serum 20ml,95000,19,4.6,259,4940,Hot
Kem dưỡng ẩm Hada Labo Advanced Nourish Cream 50g,170000,25,4.7,748,9906,Hot
Dung dịch dưỡng ẩm tối ưu Hada Labo Advanced Nourish Lotion dùng cho da dầu 170ml,161000,25,4.7,441,3918,Hot
Kem chống nắng nâng tông Skin Aqua Tone up Blue cho da vàng có khuyết điểm đỏ - dạng sữa Sunplay Skin Aqua Tone Up UV Milk Blue SPF 50+ PA++++ 50g,163000,17,5.0,2,17,Slow
Kem dưỡng ẩm làm mềm bảo vệ da tay Evoluderm 150ml,109000,38,5.0,2,24,Slow
Nước tẩy trang Evoluderm Micellar Cleansing Water 250ml,89000,54,5.0,1,15,Slow
Kem dưỡng ẩm phục hồi và nuôi dưỡng làn da Evoluderm 50ml,146373,58,5.0,3,29,Slow
Nước hoa hồng dưỡng ẩm và làm sạch cho da nhạy cảm Evoluderm Lotion Tonique 500ml,155000,52,4.8,4,30,Slow
Combo 10 Mặt Nạ Cấp Ẩm Đa Tầng - Căng bóng Da BNBG PDRN Hydrating Skinbooster Mask 30ML,299000,29,0.0,0,15,Slow
Combo 10 Mặt Nạ BNBG Tràm Trà Thải Độc Da - Giảm Mụn Vita Tea Tree Healing Face Mask Pack 30ml x10,198500,55,5.0,1,24,Slow
Combo 6 Hộp Silcot Bông Trang Điểm (bông tẩy trang) Nhật Bản (82 Miếng/Hộp) ,176500,32,0.0,0,28,Slow
Sữa rửa mặt cho nam Oxy sạch dịu nhẹ - giảm khô căng dạng gel Oxy Hydrating Wash 100g,75500,22,4.3,8,53,Slow
Dung dịch chấm mụn bí đao Cocoon 5ml,103500,16,5.0,2,74,Slow
Mặt nạ nghệ Hưng Yên Cocoon 30ml,138000,9,5.0,7,4717,Hot
Nước tẩy trang hoa hồng Cocoon 310ml,203500,15,5.0,1,17,Slow
Nước tẩy trang simple Sạch sâu 400ml water boost,145500,27,0.0,0,10,Slow
Sữa Rửa Mặt CERAVE Hydrating Cleanser 473ml,470000,0,0.0,0,1,Slow
Combo 2 Sữa rửa mặt hạt chứa than hoạt tính dành cho nam s select 130g/tuýp,86000,28,3.7,3,16,Slow
Sữa rửa mặt làm sáng da Hatomugi 170g/tuýp,59000,0,5.0,1,11,Slow
[Mới] Kem Chống Nắng Kiềm Dầu SẮC NGỌC KHANG 50g - bảo vệ toàn diện - kiểm soát bóng dầu hiệu quả,255000,48,5.0,1,7,Slow
Dung dịch cải thiện lão hóa Hada Labo Pro-Aging Retinol B3 Lotion 170ml,225000,25,5.0,2,70,Slow
Sữa Rửa Mặt Tạo Bọt Chiết Xuất Tơ Tằm Trắng Senka Perfect Whip 120g - 14839,103500,13,5.0,8,117138,Hot
Kem chống nắng dạng sữa dưỡng da kiềm dầu bảo vệ hoàn hảo Anessa Perfect UV Sunscreen Skincare Milk SPF 50+ PA++++ 20ml,63000,0,0.0,0,12,Slow
Kem Nghệ Giảm Mụn Oriss Giúp Mờ Thâm Sẹo Dưỡng Ẩm Sáng Da 20g,69000,24,5.0,6,58,Slow
Dưỡng Chất Chống Nắng L'Oreal Paris Uv Defender Serum Protector Invisible Fluid 50ml,265000,0,5.0,4,20,Slow
Nước dưỡng sáng & cấp ẩm cho da Eucerin Boosting Essence 100ml,661500,12,5.0,2,35,Slow
Combo 5 Bông Tẩy Trang Jomi (80 Miếng/Túi),115000,23,5.0,9,72,Slow
Bộ đôi Kem chống nắng dạng sữa dưỡng da kiềm dầu bảo vệ hoàn hảo (Anessa Gold Milk 60ml x2),1089500,24,4.7,28,9351,Hot
Sữa chống nắng dưỡng da Shiseido GSC Perfect Sun Protector Lotion SPF50+ 50ml,1193400,10,0.0,0,9,Slow
Sữa rửa mặt NIVEA Pearl White giúp trắng da ngọc trai (100g) - 81295,58500,26,0.0,0,12633,Hot
Kem Dưỡng Trắng Da Tế Bào Gốc Hàn Quốc Cấp Ẩm Xóa Nhăn Phục Hồi Trẻ Hoá Da Và Chống Lão Hoá Cellkey-Scien White Cream (30g),833000,15,4.8,68,227,Slow
Kem chống nắng dạng sữa dưỡng da kiềm dầu bảo vệ hoàn hảo Anessa Perfect UV Sunscreen Skincare Milk SPF 50+ PA++++ 60ml,543000,24,4.8,143,5295,Hot
Miếng dán Silicone ngăn ngừa và hỗ trợ điều trị sẹo lồi - Advasil Conform,950000,0,4.8,31,201,Slow
Kem Dưỡng Trắng Sáng & Giảm Thâm Nám Ban Ngày Senka White Beauty UV Cream 50g SPF 25 PA ++,211500,21,4.5,15,458,Slow
Tinh chất chống nắng nâng tông Skin Aqua Tone up Lavender cho da tối màu & da vàng Sunplay Skin Aqua Tone Up UV Essence Lavender SPF 50+ PA++++ 50g,161500,20,4.6,1424,22036,Hot
Kem dưỡng vitamin làm sáng da mờ sẹo thâm Acnes Vitamin Cream 50g,76000,26,4.6,147,2093,Hot
Kem dưỡng trắng da Acnes Whitening+ Cream 50g,83000,19,4.5,145,1608,Hot
Tinh chất vitamin C dưỡng trắng da - chống thâm nám Melano CC Whitening Essence 20ml,276000,20,4.7,576,3804,Hot
Combo 5 Miếng Dán hỗ trợ điều trị Mụn Mayancare 12 Miếng (1.0cm),134000,23,4.1,15,644,Hot
Kem Chống Nắng Dạng Sữa Senka Perfect UV Milk SPF 50+ - PA++++ 41095 (40ml),175000,24,4.3,67,2896,Hot
Seum VItamin C 10% dưỡng trắng mờ thâm sạm Acnes Lab C10 serum 15ml,292000,20,4.8,137,1706,Hot
Dung dịch dưỡng ẩm tối ưu Hada Labo Advanced Nourish Lotion dùng cho da thường và da khô 170ml,173000,19,4.7,326,2847,Hot
Kem chống nắng Skin Aqua dưỡng trắng - kiểm dầu - dùng hàng ngày dạng sữa Sunplay Skin Aqua Clear White Eco Việt Nam SPF50 - PA++++ 55g,188000,20,4.8,503,40236,Hot
Bộ Làm Sạch THE WHOO Gongjinhyang Clarifying Cleansing Duo Kit,349000,30,0.0,0,1,Slow
Nước Tẩy Trang Sen Hậu Giang Sạch Bụi Siêu Mịn PM1.0 - Có Prebiotics Dịu Êm Cho Da Rất Nhạy Cảm Cocoon 140ml,139000,9,5.0,5,56,Slow
Kem dưỡng phục hồi Bioderma cicabio crème 40mL ,455000,0,0.0,0,1,Slow
Mặt Nạ Sủi Bọt Thải Độc Sum37 Micro Active Pink Vitamin Bubbetox Mask Pack 100ml,720000,24,5.0,1,2,Slow
Mặt nạ mắt vàng 24k & Peptide Farmstay 24k Gold & Peptide Solution Ampoule Eye Patch,490000,0,0.0,0,2,Slow
Dầu tẩy trang hoa hồng Cocoon 310ml tẩy sạch lớp makeup & dưỡng ẩm thuần chay,327750,5,0.0,0,1,Slow
Combo 10 Mặt Nạ Cấp Ẩm Cấp Tốc Dr.WonJin Instant Repair Hyal Moisture Solution Mask 30g,298500,25,5.0,2,17,Slow
Sữa rửa mặt tẩy trang sáng da Hatomugi 130g/tuýp,45000,50,5.0,7,75,Slow
Nước tẩy trang dưỡng ẩm và làm sáng da hatomugi 500ml/chai,119000,46,0.0,0,23,Slow
Chì mí kết hợp chì mày siêu tiết kiệm MiraCulous Hàn Quốc,135000,0,0.0,0,6,Slow
Sữa rửa mặt dưỡng trắng Hada Labo Perfect White Tranexamic Acid Cleanser 15g,15000,25,0.0,0,233,Slow
Mặt nạ dưỡng ẩm EUNYUL giúp da mềm mịn 22ml,13500,0,0.0,0,20,Slow
CeraVe Hydrating Cleanser - Sữa Rửa Mặt Cho Da Khô - Hỗn Hợp Khô Nhạy Cảm,65000,0,0.0,0,3,Slow
[PHIÊN BẢN MỚI] Gel chống nắng bảo vệ da và ngăn ngừa thâm nám - đốm nâu - nếp nhăn Vichy UV Age daily 40ml,525000,0,0.0,0,2,Slow
Kem chống nắng cho da dầu mụn Acnes Blemish Control Sunscreen 50g,124500,21,4.6,10,4275,Hot
Sữa chống nắng cho da nhạy cảm Senka Perfect UV Gentle Milk A 40ml,180500,27,0.0,0,57,Slow
Nước tẩy trang bí đao Cocoon 500ml dành cho da dầu - da mụn thuần chay,285000,5,5.0,3,24,Slow
Kem chống nắng Thanh Mộc Hương chống trôi nâng tone da kiềm dầu SPF 50+ PA++++ 50ml,320000,0,5.0,1,7,Slow
Serum Compliment 2% BHA Salicylic Acid Hyaluronic Acid B5 5% Vitamin C 20% Làm Sạch Da - Giảm Mụn Trắng Da Căng Bóng 27ml,75000,0,5.0,8,38,Slow
Bộ sản phẩm giảm mụn sau 12H & phục hồi da sau mụn La Roche-Posay,195000,0,0.0,0,10,Slow
Sữa Rửa Mặt Dịu Nhẹ Cho Da Nhạy Cảm Cetaphil Gentle Skin Cleanser 1000ml,899000,0,4.8,4,24,Slow
Combo 30 gói tẩy tế bào chết dạng kỳ Whoo Gong Jinhyang Seol Brightening Peeling Gel 1ml,165000,37,5.0,7,77,Slow
Tinh chất chống nắng NIVEA VITAMIN C&E Dưỡng da sáng khỏe SPF50 PA+++ (30ml) - 98318,99500,4,0.0,0,1,Slow
Kem Ngày GSIII Dr Cell 30g dưỡng trắng bảo vệ da phục hồi da hỗ trợ mờ thâm nám - Hàng Chính Hãng,480000,20,5.0,6,12,Slow
Tinh chất dưỡng trắng da Lá House Astalock Concentrated Essence 15ml/30ml,945000,0,5.0,17,161,Slow
Serum Men Stay Simplicity cho da mụn giúp làm dịu - khô cồi cho nam Calm Skin Relief Facial Serum 30ml,239000,0,4.3,3,17,Slow
Serum Dưỡng Ẩm Phục Hồi Da GoodnDoc Hydra B5 - Serum B5 GoodnDoc 30ml,540000,0,5.0,20,73,Slow
Combo 10 Mặt Nạ BNBG Phục Hồi Thư Giãn Da Vita Genic Relaxing Jelly Mask 30ml x10,136700,53,5.0,5,60,Slow
Combo 10 Mặt Nạ BNBG Dưỡng Trắng Da Vita Genic Whitening Jelly Mask 30ml x10,161100,45,5.0,3,68,Slow
Combo 5 Bông tẩy trang Jomi 120 miếng/gói,138000,33,5.0,26,157,Slow
Nước Tẩy Trang NIVEA Ngừa Mụn Acne Care Micellar Water (400ML) - 80116,120000,37,0.0,0,62,Slow
Sữa Rửa Mặt Tạo Bọt Ngừa Mụn Oriss 100g - Chuyên Dành Cho Da Mụn,116000,22,4.8,101,313,Slow
Nước Tẩy Trang Làm Sạch Sâu Và Kiểm Soát Bã Nhờn Cho Da Dầu Và Da Mụn La Roche Posay Effaclar Micellar Water 100ml,251000,5,4.1,11,37,Slow
Tẩy Da Chết Mặt Tế Bào Gốc Thực Vật Lành Tính Làm Sạch Sâu Dịu Nhẹ Dưỡng Ẩm Sáng Da Cho Da Dầu Mụn Nhạy Cảm Cellkey-Scien White Peeling Gel (80ml),297500,15,4.7,409,1719,Hot
Nước Hoa Hồng Ý Dĩ HATOMUGI 500ml,118000,0,5.0,14,82,Slow
Floslek Pharma Kem Kiểm Soát Dầu Và Điều Tiết Nhờn Mattifying Cream 50ml,470000,0,5.0,7,31,Slow
Dung dịch dưỡng ẩm tối ưu Hada Labo Advanced Nourish Lotion dùng cho da dầu 100ml,89000,39,4.7,324,3044,Hot
Kem Vi Dưỡng Chống Lão Hóa Ban Đêm OLAY Regenerist (50G),368500,26,4.5,169,1273,Hot
Bông tẩy trang bạch tuyết 500g (0.5kg),188000,0,4.8,38,209,Slow
Sữa rửa mặt ngăn ngừa mụn dạng gel Acnes 25+ Facial Wash 100g,71000,19,4.8,175,1291,Hot
Kem dưỡng da ban đêm Olay Total Effects 7 in One Night Cream (50g) - Hàng chính hãng,289000,12,0.0,0,6,Slow
Bông Tẩy Trang Miniso Nhật Bản 100% Cotton - 180 Miếng - Sạch Sâu - An Toàn Cho Da - HÀNG CHÍNH HÃNG MINIIN,19000,0,5.0,2,30,Slow
Sữa rửa mặt dưỡng trắng cao cấp Hada Labo Premium Cleanser Radiance 100g,107000,19,5.0,2,24,Slow
Nước Tẩy Trang Bioderma Sensibio dành cho mọi loại da và da nhạy cảm 500ml,560000,0,5.0,1,13,Slow
Combo 10 Mặt Nạ Truyền HA Cấp Ẩm Chuyên Sâu WonJin Effect Hydro Rise Hyaluronic Mask,240000,40,0.0,0,19,Slow
Combo 10 Mặt Nạ Phục Hồi Cấp Tốc DR WonJin Instant Cica Sensitive Solution Mask 30ml x10,298500,25,5.0,1,19,Slow
Nước tẩy trang Evoluderm Eau Micellaire 500ml,149000,54,5.0,2,13,Slow
Dầu tẩy trang hoa hồng Cocoon 140ml,149950,17,5.0,3,41,Slow
Kem chống nắng Bí đao Cocoon 50ml dạng sữa - sữa chống nắng,409000,5,5.0,4,77,Slow
Mặt nạ nghệ Hưng Yên  Cocoon 100ml,322000,7,5.0,6,28,Slow
Nước sen Hậu Giang (toner) giúp phục hồi cho da rất nhạy cảm Cocoon 310ml,279220,7,4.5,16,5542,Hot
Sữa rửa mặt dạng Gel bí đao rửa mặt Cocoon 310ml,253500,15,4.5,14,2615,Hot
Sữa rửa mặt Simple Refreshing Facial Wash giúp làm sạch da (50ml/150ml) - Hàng chính hãng,79000,11,0.0,0,2,Slow
Kem dưỡng ẩm cho nam dạng gel Oxy Hydrating Gel 50g,173000,20,5.0,3,30,Slow
Túi refill lotion dưỡng ẩm tối ưu Hada Labo Advanced Nourish Lotion dùng cho da dầu 170ml,131000,19,0.0,0,31,Slow
Dưỡng Chất L'oreal Revitalift Hyaluronic Acid Serum Căng Mịn và Sáng Da 30ml,403000,5,5.0,1,27,Slow
Dưỡng chất ngăn lão hóa sớm Intense Enriching Serum 45ml,706500,26,5.0,3,20,Slow
KEM ZALE VÀNG 3GR THÁI LAN - NHẬP KHẨU,40000,0,5.0,3,23,Slow
Dung dịch dưỡng trắng da tối ưu Hada Labo Perfect White Tranexamic Acid Lotion 170ml,223000,20,4.8,17,172,Slow
Nước tẩy trang sạch sâu dưỡng trắng Hada Labo Micellar Water Whitening 240ml,113000,20,4.6,31,479,Slow
[HOT DEAL] Kem Dưỡng Da Trắng Hồng ban đêm Giảm Thâm Sạm Không Cồn dạng gel SENKA AQUA BRIGHT GLOW GEL CREAM 50g - 15538,159500,56,4.6,5,756,Hot
Hộp mặt nạ dưỡng trắng chuyên sâu Hada Labo Premium Whitening Serum Mask 115g (hộp 5 miếng x 23g/ miếng),170000,21,5.0,21,227,Slow
Dung dịch tẩy tế bào chết Paula’s Choice Skin Perfecting 2% BHA Liquid Exfoliant 118 ml-2010,845000,11,4.5,12,32,Slow
Mặt Nạ JM solution Mask 30ml Cấp Ẩm Dưỡng Trắng Phục Hồi Da Chăm Sóc Da Toàn Diện Căng Bóng Từ Hàn Quốc,16800,0,0.0,0,138,Slow
Nước Hoa Hồng chiết xuất tía tô Perrila Natural Skin Lotion Nhật Bản ( chai 500ml),95000,0,5.0,2,12,Slow
Bộ đôi Kem chống nắng dạng sữa dưỡng da kiềm dầu bảo vệ hoàn hảo + Kem chống nắng dạng gel dưỡng ẩm bảo vệ hoàn hảo (Anessa Gold Milk 60ml + Gold Gel 90g),903000,25,5.0,6,2128,Hot
Kem chống nắng dạng sữa dịu nhẹ cho da nhạy cảm và trẻ em Anessa Perfect UV Sunscreen Mild Milk For Sensitive Skin SPF 50+ PA++++ 60ml,535000,25,5.0,46,12152,Hot
Gel chấm mụn - mờ thâm Oxy Anti-Acne Spot Gel 10g,64000,16,4.6,68,400,Slow
Set Dưỡng Chất Khoáng Cô Đặc Giúp Phục Hồi Và Bảo Vệ Da Vichy Minéral 89 50ml + 10ml,768000,0,4.8,4,35,Slow
Nước Tẩy Trang NIVEA Pearl Radiant Sáng Da | Sạch Sâu (200 ml) - 84911,87500,26,4.7,7,9150,Hot
Kem chống nắng body Skin Aqua mát lạnh dùng hàng ngày Sunplay Skin Aqua UV Body Cooling Lotion SPF 50+ PA++++ 150g,179000,19,4.7,207,1171,Hot
Sữa rửa mặt hỗ trợ trị mụn Senka Perfect Whip Acne Care 100g,93000,26,4.7,419,63849,Hot
Kem Dưỡng Ban Đêm OLAY Total Effects 50g,248500,24,4.7,11,188,Slow
Dung dịch dưỡng trắng da chống thâm nám Melano CC Whitening Lotion 170ml,236000,21,4.5,163,1559,Hot
Nước Tẩy Trang Tươi Mát L'Oreal Paris Micellar Water (400ml),195000,0,0.0,0,17,Slow
Combo 10 Mặt Nạ Dermal Tinh Chất Collagen Các Loại - Giao Mẫu Ngẫu Nhiên,95000,34,4.1,36,589,Hot
Combo 5 Miếng Dán hỗ trợ điều trị Mụn Mayancare 20 Miếng (0.8cm),134000,23,4.7,148,3044,Hot
Kem chống nắng Skin Aqua dưỡng trắng & dưỡng ẩm - dùng hàng ngày dạng gel Sunplay Skin Aqua Silky White Gel Eco Việt Nam SPF 50 - PA++++ 70g,163000,19,4.8,210,989,Hot
Kem chống nắng Skin Aqua trang điểm tạo nền trắng mịn & đều màu dạng sữa Sunplay Skin Clear White CC Milk SPF 50 - PA++++ 25g,124000,19,4.7,221,1609,Hot
Silcot Bông Đắp Dưỡng Miếng Đôi (40 miếng/hộp),43500,9,4.8,160,7089,Hot
Combo 10 gói Chống Nắng Dạng Sữa OHUI Day Shield Sunquid 1ml/gói,80000,0,0.0,0,6,Slow
Tinh chất dưỡng da Shiseido Ultimune Power Infusing 4.0 Serum 30ml,1944000,10,3.7,3,6,Slow
Kem Dưỡng Ban Ngày Olay Regenerist 50G,347500,30,5.0,2,3006,Hot
Kem dưỡng trẻ hóa da ban đêm Olay Regenerist Retinol 24 Night Moisturiser (50g) - Hàng chính hãng,429000,22,4.8,4,12,Slow
Kem dưỡng ban đêm Olay Regenerist Micro Sculpting Cream Night (50g) - Hàng chính hãng,349000,26,4.7,3,13,Slow
Sữa rửa mặt Hada Labo chống lão hóa Premium Cleanser Aging Care 100g,107000,19,4.7,3,32,Slow
Dung dịch dưỡng trắng - cải thiện thâm nám - đốm nâu Melano CC Whitening Lotion (Rich Type),224000,24,5.0,2,15,Slow
Sữa Chống Nắng ANESSA Perfect UV SPF50+ 60ml,702000,0,0.0,0,2,Slow
Sữa Rửa Mặt Rosette Làm Giảm Mụn Face Wash Pasta Acne Clear 120G,133200,17,5.0,1,7,Slow
Gel rửa mặt kiêm tẩy tế bào chết tinh chất bưởi hồng danh cho da dầu mụn 150ml,112000,50,5.0,4,30,Slow
Nước Thần Dưỡng Trắng Da Cân Bằng Độ Ẩm Angel's Liquid Tone Up Whitening Program Glutathione Treatment Essence 150ml,408000,42,4.5,2,9,Slow
Siêu Tinh Chất Giảm Thâm Nám Chuyên Biệt Angel's Liquid Tranexamic Mela Zero Ampoule 30ml,589000,49,5.0,5,22,Slow
Kem dưỡng da giảm mụn chuyên sâu Acnes Lab Acne Repair Cream 20g,157000,15,5.0,1,57,Slow
Nước bí đao cân bằng da (toner) Cocoon 140ml,155500,19,4.7,3,14,Slow
Sữa rửa mặt dạng gel rửa mặt cà phê Đắk Lắk Cocoon 310ml,250750,16,5.0,1,11,Slow
Sữa rửa mặt dạng gel rửa mặt cà phê Đắk Lắk Cocoon 140ml,162700,15,5.0,2,14,Slow
Set 3 lọ xịt mọc tóc Minoxidil Bailleul Pháp - 2%,750000,0,5.0,1,23,Slow
Kem dưỡng ẩm cho da mụn - nhạy cảm Hada Labo dạng gel Acne Care Calming Gel Cream 50g,224000,20,4.5,8,45,Slow
Serum làm trắng và thu nhỏ lỗ chân lông Anodin Niacinamide 10 Plus Hàn Quốc 33ml,499000,0,5.0,1,4,Slow
[Nội Địa Nhật Bản] Sữa rửa mặt nam tạo bọt Sạch nhờn cho da dầu UNO Whip Wash Nhật Bản 130g,135000,0,5.0,3,23,Slow
Combo 30 gói Kem Dưỡng Trắng Da Whoo Gongjinhyang Seol Radiant White Moisture Cream 1ml,240000,43,5.0,6,38,Slow
Nước tẩy trang sạch sâu dưỡng ẩm Hada Labo Micellar Water Hydrating 240ml,110000,19,4.7,51,465,Slow
Kem Dưỡng Hỗ Trợ Giảm Thâm Nám Angel's Liquid Glutathione + Niacinamide 7Day Whitening Program 700 V-Cream,369000,49,5.0,2,19,Slow
Kem mờ sẹo - liền sẹo chuyên sâu Scarz Intensive Gel 9g ( dạng gel),116000,21,4.8,50,296,Slow
Serum dưỡng ẩm và chống lão hóa Senka Deep Moist 3X HA 30ml,339000,26,5.0,1,46,Slow
Tẩy Trang Mắt Môi Chuyên Dụng Maybelline New York Eye & Lip Makeup Remover 40ml - 150ml,154000,0,5.0,8,99,Slow
Bộ Sữa rửa mặt dưỡng ẩm OHUI Miracle Moisture Cleansing Foam set,528000,30,0.0,0,11,Slow
KEM DƯỠNG TRẮNG DA ZALE ĐỎ NHÂN SÂM - 01 HỘP 24 HỦ,265000,0,4.5,19,65,Slow
Tinh chất chống nắng bảo vệ da khỏi bụi mịn và ô nhiễm môi trường d program Allerdefense Essense 40ml,473500,31,5.0,1,22,Slow
Bộ đôi Kem chống nắng dạng xịt dưỡng da bảo vệ hoàn hảo + Kem chống nắng dạng sữa dưỡng da kiềm dầu bảo vệ hoàn hảo (Anessa Gold Spray 60g + Gold Milk 20ml),569000,23,4.8,26,100,Slow
Bộ đôi Kem chống nắng dạng sữa dưỡng da kiềm dầu bảo vệ hoàn hảo (Anessa Gold Milk 60ml + Gold Milk 20ml),749000,25,4.8,242,10273,Hot
Sữa rửa mặt dưỡng ẩm Facial Cleanser Men Stay Simplicity,169000,0,4.5,8,88,Slow
Kem chống nắng lót nền trang điểm cao cấp Hàn Quốc Benew Perfection Sunblock Cream (50ml) - Hàng Chính Hãng,150000,0,0.0,0,12,Slow
Bọt rửa mặt dưỡng ẩm Hada Labo Gokujyun Moisturizing Foaming Wash 160ml,156000,29,4.7,292,2407,Hot
Sữa Rửa Mặt Tạo Bọt Chiết Xuất Đất Sét Trắng Senka Perfect White Clay New 14840 (120g),105500,18,4.6,105,46093,Hot
Kem chống nắng Skin Aqua dưỡng trắng & dưỡng ẩm - dùng hàng ngày dạng gel Sunplay Skin Aqua Silky White Gel Eco Việt Nam SPF 50 - PA++++ 30g,86000,26,4.7,174,2151,Hot
Nước Tẩy Trang L'Oreal 3 In 1 Micellar Làm Sạch Sâu (400ml),185000,0,5.0,7,35,Slow
Kem Chống Nắng Không Màu Kiểm Soát Dầu La Roche-Posay Anthelios XL Dry Touch Gel-Cream SPF 50+ UVB & UVA (50ml),335000,0,4.5,26,135,Slow
Kem Dưỡng Giảm Mụn - Ngừa Thâm - Thông Thoáng Lỗ Chân Lông La Roche-Posay Effaclar Duo+ 40ml,425000,0,4.7,15,94,Slow
Combo 3 Phim Thấm Dầu Jomi Mayan (70 Tờ) - Xanh,152000,23,0.0,0,8157,Hot
Sữa rửa mặt dành cho người da mụn - Mistine Acne Clear Facial Foam 100g,62400,43,4.0,1,2,Slow
Tinh chất dưỡng da Olay 5 in 1 Super Serum (30ml) - Hàng chính hãng,649000,46,0.0,0,6,Slow
Kem dưỡng trắng da Olay Luminous Niacinamide + AHA Moisturiser (50g) - Hàng chính hãng,389000,29,0.0,0,17,Slow
Bông Tẩy Trang La Mer Cotton Organic - 120 - 201 Miếng Mềm Mịn - An Toàn Cho Da - HÀNG CHÍNH HÃNG MINIIN,39000,0,5.0,1,16,Slow
Kem Dưỡng Mờ Thâm Giảm Nếp Nhăn Vùng Mắt Beauplus+ Wrinkle Care Eye Cream (20 G),145000,50,5.0,1,7,Slow
Serum dưỡng ẩm cho da mụn - nhạy cảm Hada Labo Acne Care Calming Serum 30ml,292000,15,0.0,0,11,Slow
Sữa Rửa Mặt Simple Refreshing Facial Wash Dành Cho Mọi Loại Da 150ml,75000,0,5.0,2,11,Slow
Combo 10 Mặt Nạ Phục Hồi Chuyên Sâu WonJin Effect Nourising Supplement Mask 30g,279000,30,5.0,1,17,Slow
Nước hoa hồng Evoluderm se khít lỗ chân lông - dưỡng ẩm & làm sạch 250ml,98000,50,5.0,3,43,Slow
Combo 6 Hộp Silcot Bông Trang Điểm (bông tẩy trang) Nhật Bản Cao Cấp (66 Miếng/Hộp) ,212500,28,0.0,0,40,Slow
Serum C15 dưỡng sáng mờ thâm - ngăn ngừa lõa hóa Acnes Lab C15 Serum 15ml,352000,15,4.2,6,71,Slow
Sữa rửa mặt dạng gel ẩm mịn sáng da căn bóng chứa AHA/PHA OHUI Miracle Toning Jelly Cleanser 180ml,433000,30,0.0,0,6,Slow
Tinh chất nghệ Hưng Yên (serum) C10 Cocoon giúp sáng da và mờ vết thâm 30ml,271500,15,5.0,2,124,Slow
Sữa rửa mặt nghệ Hưng Yên Cocoon 140ml,165250,15,5.0,2,18,Slow
Set Sữa Chống Nắng Bảo Vệ Anessa 60ml + Serum Dưỡng Da Và Phục Hồi Da Sau Nắng Night Sun 12ml,489000,0,5.0,2,8,Slow
Gel rửa mặt cho da dầu nhạy cảm La Roche-Posay Effaclar Foaming Gel 400ml (Túi refill),503000,9,5.0,2,28,Slow
Nước tẩy trang sạch sâu cho da mụn - nhạy cảm Hada Labo Micellar Water Acne Care 240ml,111000,24,5.0,2,113,Slow
Kem dưỡng trắng da Hoa Thiên - giải pháp từ thiên nhiên cho làn da trắng sáng mịn màng và rạng rỡ 30g,209000,47,5.0,3,19,Slow
Sữa rửa mặt CeraVe dành cho da thường và da dầu CeraVe Foaming Facial Cleanser 473ml,485000,0,5.0,1,11,Slow
Sữa Rửa Mặt Dạng Gel Dành Cho Da Dầu Nhạy Cảm Effaclar Gel Moussant Purifiant La Roche Posay 50ml,50000,0,4.7,17,57,Slow
[LA ROCHE-POSAY] Sữa Chống Nắng Ngăn Ngừa Tia UV Dài & Bảo Vệ Làn Da Tối Ưu Anthelios UV Mune 400 SPF 50+ 50/3ml,25000,0,5.0,1,15,Slow
Serum Dưỡng Thể NIVEA Sáng Da Ban Đêm (180 ml) - 88367 (Bao bì thay đổi theo từng đợt nhập hàng),145500,6,5.0,2,11,Slow
[L'OREAL PARIS] Nước Tẩy Trang Cho Da Dầu Nhạy Cảm Làm Sạch Sâu Tươi Mát Micellar Water 3-in-1 Refreshing 400/95/30ml,45000,0,5.0,1,9,Slow
Gel Rửa Mặt Oxy Acne Prevent 100g,68000,24,5.0,15,1417,Hot
Son Dưỡng Môi NIVEA Caring Color Có Màu (4.8 G),96000,12,0.0,0,26,Slow
KEM CHỐNG NẮNG HATOMUGI SPF50+ PA++++ DƯỠNG ẨM VÀ LÀM SÁNG DA (TUÝP 80G),199000,0,5.0,4,27,Slow
Kem chống nắng nâng tông Skin Aqua Tone up Latte Beige cho mọi tông da - dạng tinh chất Sunplay Skin Aqua Tone Up UV Essence Latte Beige SPF 50+ PA++++ 50g,163000,19,4.8,164,1533,Hot
Bộ đôi Kem chống nắng dạng sữa dưỡng da kiềm dầu bảo vệ hoàn hảo (Anessa Gold Milk 20ml + Gold Milk 12ml),385000,0,0.0,0,2,Slow
Bông tẩy trang BASICARE 100 miếng,39000,0,0.0,0,5,Slow
Mặt Nạ Mắt Giảm Thâm Giảm Nếp Nhăn JM Solution Honey Luminous Royal Propolis Eye Patch Black 60 miếng - JESS SHOP COSMETICS,163000,0,4.5,7,36,Slow
Kem chống nắng LA ROCHE POSAY dành cho da dầu - ANTHELIOS XL DRY TOUCH GEL CREAM SPF50+ 50ml,580000,0,5.0,2,7,Slow
Kem Dưỡng Tranexamic Acid Mờ Nám Chuyên Sâu Angel's Liquid Mela Cream,530000,47,0.0,0,8,Slow
 Kem Dưỡng Phục Hồi - Làm Dịu Da La Roche Posay Cicaplast Baume B5 (100ml),659000,0,5.0,134,489,Slow
Gel sữa chống nắng Senka Perfect UV Gel 80ml,189000,24,4.0,4,948,Hot
Sữa rửa mặt shikioriori soy milk,115000,50,4.0,2,7,Slow
Nước tẩy trang Loreal Micellar Water 3-in-1 Refreshing Even For Sensitive Skin,185000,5,5.0,13,79,Slow
Bông Tẩy trang Miniso 0200006421 (180 miếng),39400,0,5.0,41,336,Slow
Bộ Sản Phẩm Chăm Sóc Mụn Sưng Viêm La Roche-Posay Effaclar A.I. 15ml ,726000,5,5.0,1,9,Slow
Bộ 2 Hộp Silcot Bông Trang Điểm (bông tẩy trang) Nhật Bản Cao Cấp (66 Miếng/Hộp),69000,30,4.8,396,5491,Hot
Tẩy Trang Bioderma Sensibio H2O (500ml),549000,0,4.7,30,500,Hot
Mặt Nạ Đất Sét Quả Mọng Loại Bỏ Dầu Nhờn - Thu Nhỏ Lỗ Chân Lông - Làm Dịu Da Aperire Spa Relief Pore Mask 120g - Dưỡng sáng da,340000,32,0.0,0,4,Slow
Sữa rửa mặt cho nam OXY sạch dịu nhẹ - sáng da OXY White Complete 100g,79000,17,0.0,0,2,Slow
Dung dịch trẻ hóa da Emmié By Happyskin Luminclear Perfection Peel Solution (2ml) - Hàng chính hãng,99000,34,0.0,0,3,Slow
Kem dưỡng mắt Hada Labo cấp ẩm cao cấp Hada Labo Gokujyun Premium Hyaluronic Eye Cream 20g,225000,21,4.0,1,4,Slow
Kem chống nắng dành cho hoạt động thể thao Cancer Council Sport Sunscreen SPF50+ (35ml/110ml) - Hàng chính hãng,149000,17,0.0,0,1,Slow
 Tinh chất thu nhỏ lỗ chân lông AHA giúp làn da mịn màng CNP Derma Answer Anti-Pore Peel AHA Ampule,307500,25,0.0,0,2,Slow
Khăn Tẩy Trang SenaDemar làm sạch -loại bỏ bã nhờn gói 45 miếng hạn 2027,130000,0,0.0,0,3,Slow
Mặt nạ bí đao Cocoon 30ml ,128700,15,5.0,1,15,Slow
Thạch Nghệ Hưng Yên Cocoon 100ml,319500,15,5.0,4,36,Slow
Thạch bí đao dưỡng ẩm Cocoon 30ml,162700,17,5.0,2,10,Slow
Tinh chất nghệ Hưng Yên C22 với 22% vitamin C sáng da chuyên sâu & mờ vết thâm Cocoon 30ml,324500,29,0.0,0,13,Slow
Nước sen Hậu Giang Cocoon 140ml,155500,19,0.0,0,15,Slow
Nước Cân Bằng Rosette Dưỡng Ẩm Và Làm Dịu Da Sulfur Skin Lotion 500ml,169000,40,0.0,0,5,Slow
Nước tẩy trang Simple Micellar Water (200ml) - Hàng chính hãng,89000,26,5.0,1,4,Slow
Dung dịch tẩy tế bào chết và tái tạo da Emmié All Target Skin Renewing Solution Pionin + 12% AHA/BHA/PHA (120ml) - Hàng chính hãng,230000,36,5.0,3,12,Slow
Sữa tắm keo ong sạch sâu - cân bằng độ ẩm - dưỡng da mềm mịn AEkyung showermate Honeyrop Propolis 1000ml,335000,0,0.0,0,1,Slow
Serum Niacinamide & ZinC Compliment Tinh Chất Dưỡng Cấp Ẩm Trắng Da Giảm Mụn Mờ Thâm,95000,0,0.0,0,6,Slow
Kem Dưỡng Ẩm Da Khô CeraVe Moisturising Cream 50ml,245000,0,5.0,1,12,Slow
Serum chống nắng ngăn sạm - nám da Skin Aqua Nexta Shield Serum UV Essence SPF50+ PA++++ 50g ( dạng tinh chất),276000,20,4.5,7,62,Slow
Khăn Ứớt Tẩy Trang Dưỡng Ẩm Bổ Sung Acid Hyaluronic Kose Softymo Nhật Bản (Gói refill 52 Miếng),109000,0,5.0,1,3,Slow
Nước Tẩy Trang L'Oreal Làm Sạch Sâu Cho Da Dầu Revitalift Crystal Purifying Micellar Water 400ml,85000,0,5.0,1,4,Slow
Gel giảm sẹo lồi - phì đại Rejuvasil,410000,11,4.6,323,1244,Hot
Mặt nạ BANOBAGI Stemcell 30g,25000,11,0.0,0,0,Slow
Nước tẩy trang Bioderma Sebium dành cho da dầu và da mụn chai 500ml,560000,0,5.0,1,9,Slow
Cà phê Đắk Lắk làm sạch da chết mặt Cocoon 150ml giúp da sáng mịn da đều màu thuần chay,166250,5,0.0,0,5,Slow
Mặt Nạ Cấp Ẩm Và Dưỡng Trắng Mịn Da Kosé Clear Turn 168mL (1 Gói 7 Miếng),165000,50,0.0,0,9,Slow
Sữa Dưỡng Ẩm Chuyên Biệt Chống Nắng Ban Ngày CeraVe Facial Moisturising Lotion AM 52ml,315000,0,0.0,0,10,Slow
Kem Nâng Cơ Lão Hóa Trắng Da VK II 35g,350000,0,0.0,0,3,Slow
Kem Collagen Chống lão hóa - lên Tone da Hàn Quốc DABO Collagen Lifting Tone Up Cream 50ml,385000,0,5.0,1,1,Slow
Giấy Tẩy Trang - Khăn Mặt Dùng Một Lần - Siêu Dai- Dùng Được Cả Khô Và Nước- Hàng Cao Cấp- Hàng Chính Hãng MINIIN,25000,0,4.6,22,199,Slow
Kem ROSA Nhân Sâm Đỏ - ROSA INTENSIVE WHITE GINSENG REFINING CREAM 20G - Làm Trắng - Giảm Thâm Nám - Chống Lão Hoá,600000,20,5.0,2,23,Slow
Hydration moisturizer cream - kem cấp ẩm kiềm dầu - chống mụn - dưỡng trắng da Wonmom 50g,263500,15,4.5,7,34,Slow
Kem chống nắng nâng tông Skin Aqua Tone up Rose cho da trắng - khuyết điểm xanh hoặc tái xanh - dạng tinh chất Sunplay Skin Aqua Tone Up UV Essence Happiness Aura (Rose) SPF 50+ PA++++ 50g,163000,19,4.8,216,2234,Hot
Bộ Xịt Khoáng Dưỡng Da Vichy Mineralizing Thermal Water,385000,0,0.0,0,8,Slow
Tẩy trang mắt môi Lancome Bi Facil Visage tách set 30 ml,385000,0,0.0,0,6,Slow
Tinh Chất Tế Bào Gốc Tái Tạo Phục Hồi Trẻ Hoá Da Cấp Ẩm Dưỡng Trắng Chống Lão Hoá Cellkey-Scien White Serum 30ml,790500,15,4.7,45,192,Slow
Gel Rửa Mặt Và Tẩy Tế Bào Chết SVR Sebiaclear Gel Moussant (55ml) - VIVALUST COSMETICS,140000,0,4.8,11,66,Slow
Gel Hỗ Trợ Trị Sẹo - Mờ Vết Thâm - Thâm Mụn Vitara - Se Gel - BER05 (15g),215000,0,4.8,10,156,Slow
Nước Tẩy Trang Simple Micellar (200ml) - 8712561669825,138500,8,4.5,56,1046,Hot
Kem Dưỡng Chống Nhăn Và Săn Chắc Da Ban Ngày Vichy Liftactiv Supreme - 100679444 (50ml),1092000,5,3.0,2,10,Slow
Tinh chất dưỡng sáng da Luvum Green Citrus Vitamin C Serum Plus (30ml) - Hàng chính hãng,499000,17,0.0,0,1,Slow
Tinh chất trẻ hóa da MD CARE Copper Peptide (30ml) - Hàng chính hãng,589000,13,0.0,0,1,Slow
Serum Vitamin C Oribe Dưỡng Trắng Cho Da Nám Xỉn Màu,350000,33,0.0,0,1,Slow
Kem chống nắng Oribe Radiant Derma Shield SPF 50+ PA++++ chống tia UVA/UVB ánh sáng xanh dành cho mọi loại da,322000,20,0.0,0,1,Slow
Serum dưỡng da B3 Dermarium Omnipotent (10ml/30ml) - Hàng chính hãng,340000,24,0.0,0,2,Slow
Serum bakuchiol (1%) thuần chay thay thế retinol cho da nhạy cảm giúp tăng sinh collagen MooGoo Úc,638000,0,0.0,0,1,Slow
Mặt nạ ngủ tái sinh và chống lão hóa belif Regenerating Mask 75ml,637500,25,5.0,3,5,Slow
Kem dưỡng trắng da Glutathione dưỡng da chống nhăn nâng cơ mờ thâm nám - DABO Glutathione Snow White Melanope Cream 100ml,310000,0,5.0,1,1,Slow
Sữa rửa mặt dạng gel Bí Đao Rửa Mặt Cocoon (140ml),148500,22,5.0,1,13,Slow
Tẩy Tế Bào Da Chết Natureine Aqua Peel Moisture Peeling Gel - Nhật Bản,385000,0,5.0,4,2,Slow
Kem Chống Nắng Chống Lão Hóa Whoo Gongjinhyang Sunquid UV Protective Lotion SPF 50+/PA++++ 50ml,880000,20,4.0,1,1,Slow
Kem chống nắng nâng tông - kiểm soát dầu nhờn Pretty Skin Multi Hydra B5 Exosome Oil Control Sun Cream Hàn Quốc 50ml,355000,0,0.0,0,6,Slow
Kem Dưỡng Da Mặt Nam Scentuals 60mg,450000,0,5.0,1,5,Slow
Serum chống nắng ngăn sạm - nám da Skin Aqua Nexta Shield Serum UV Essence SPF50+ PA++++ 50g ( dạng sữa),276000,20,5.0,3,16,Slow
Khăn Ướt Tẩy Trang Dưỡng Ẩm Da Bổ Sung Collagen Softymo Kose Nhật Bản (Hộp 52 Miếng),199000,0,5.0,1,7,Slow
[GARNIER] Tinh Chất Vitamin C Cô Đặc Giúp Sáng Da & Mờ Thâm Hiệu Quả Bright Complete Ampoule Serum 1.5ml/12x1.5ml,161500,0,5.0,1,3,Slow
Toner nước bí đao cân bằng da Cocoon 310ml ngăn ngừa mụn ẩn - làm sạch da thuần chay,285000,5,5.0,2,10,Slow
Sáp chống nắng W.Skin Laboratory TRIPLE CARE SUN STICK SPF50+ PA++++ (17g) size bỏ túi - không để lại vết trắng - không cay mắt {Có tem phụ nhập khẩu chính ngạch},250000,17,5.0,2,11,Slow
Tế bào gốc trị nám - tàng nhang DNA Whitening Ampoule,600000,0,0.0,0,1,Slow
[GARNIER] Kem Dưỡng Chống Nắng Kiềm Dầu Và Sáng Da Hoàn Hảo Chứa SPF 50+ PA+++ Bright Complete Super UV Matte 30ML/15ML,165000,0,0.0,0,1,Slow
Bộ đôi Kem chống nắng dạng gel dưỡng sáng nâng tông & hiệu chỉnh sắc da + Serum chống nắng dưỡng da nâng tông (Anessa Brightening Gel 90g + Day Serum 30ml),1350000,0,0.0,0,3,Slow
Kem Rau Má Goodndoc Centella Repair Cream 50ml,460000,0,4.8,4,12,Slow
Sữa rửa mặt dịu lành cho da nhạy cảm Cetaphil Gentle Skin Cleanser 500ml,445000,0,4.8,197,747,Hot
Tinh chất giúp tái tạo da - giảm thâm nám và nếp nhăn trên da - làm đều màu da La Roche Posay Retinol B3 Serum,980000,0,5.0,1,27,Slow
Kem Dưỡng Làm Dịu Dành Cho Da Bị Ngứa Mẩn Đỏ Và Bị Viêm Dùng Được Cho Trẻ Em Và Trẻ Sơ Sinh La Roche Posay Lipikar Baume AP+M 200ml,690000,0,1.0,1,5,Slow
Sữa rửa mặt tẩy trang & làm sáng da Reihaku Hatomugi W Cleansing Foam (130g),59000,0,4.8,4,38,Slow
Bộ Sản Phẩm Dưỡng Trắng Da Ban Ngày Và Ban Đêm Oribe Giúp Da Trắng Mịn Màng Dưỡng Ẩm Chuyên Sâu Cho Da Chắc Khỏe Căng Mướt 30g/hủ,470000,27,4.7,70,173,Slow
Lip Smacker - Son Cốc Coca Cola vị Coca - Coca-Cola Cup Lip Balm,109000,0,5.0,4,29,Slow
Sữa rửa mặt dưỡng ẩm sáng hồng da Whoo GJH Soo Hydrating Foam Cleanser 40ml,142000,29,4.8,17,125,Slow
Nước hoa hồng rau má Skin1004 Madagascar Centella Asiatica Toning Toner 210ml,299000,0,0.0,0,3,Slow
[KHUYẾN MÃI] Serum HA Plus Dưỡng Ẩm Căng Bóng Giảm Nếp Nhăn Hyaluronic Acid AWAKETHECELL 300ml,689000,0,4.7,26,193,Slow
Combo 2 gói Bông Tẩy trang Miniso Japan (180 miếng x 2 gói),78000,0,0.0,0,11,Slow
Bộ Dưỡng Tái Tạo Da Tinh Chất Vàng Ohui The First Geniture Special Gift 3pcs 47ml,350000,42,4.7,31,103,Slow
Kem dưỡng làm trắng da ban đêm Nature Whitening Cream Nhật Bản 50g + Móc khóa,599000,0,4.7,3,13,Slow
Combo 2 sản phẩm Tinh chất ngăn ngừa Some By Mi AHA-BHA-PHA 30 Days Miracle Serum 50ml và Kem Dưỡng ngăn ngừa Some By Mi AHA-BHA-PHA 30 Days Miracle Cream 50ml,690000,0,0.0,0,6,Slow
Phấn nước ngừa mụn Phấn Nụ Hoàng Cung,208000,0,4.5,4,45,Slow
Nước hoa hồng Some By Mi AHA- BHA- PHA 30 Days Miracle Toner,285000,0,5.0,9,65,Slow
Bộ 10 Miếng Đắp Mặt Nạ Dabo Lô Hội Cao Cấp Hàn Quốc 8809351957092 (23g / Gói),145000,0,0.0,0,1,Slow
Tẩy Tế Bào Chết Trà Xanh Hàn Quốc Benew Green Tea Peeling Gel (120ml),125000,0,0.0,0,3,Slow
Kem Chống Nắng Không Gây Nhờn Rít Không Màu SPF50  Vichy Capital Soleil SPF50 Face Dry Touch (50ml) -100516689,311000,5,4.6,11,43,Slow
Bộ Dưỡng Da Chống Lão Hóa Cao Cấp The Whoo Cheonyuldan Special 2PCS Set,5184000,28,0.0,0,0,Slow
Kem phục hồi và bảo vệ da Age Defense Cream HYDRO-NUTRI. ANTI-AGING 360° CREAM CASMARA 50ml,1260000,0,0.0,0,0,Slow
Sữa rửa mặt Mistine Men Max Oil Control Cooling & Refreshing Facial Cleanser 100g,119600,25,0.0,0,0,Slow
Sữa rửa mặt Simple Purifying Gel Wash (150ml) - Hàng chính hãng,139000,0,0.0,0,1,Slow
Kem Lão Hóa Trắng Da Loại Bỏ Sắc Tố Đen ( 18g -30g) Sắc Tiên Today,198000,0,5.0,1,2,Slow
Tinh chất chống nắng chống lão hóa - chống oxy hóa làm dịu da The Whoo UV Red Vitamin Sunscreen 50ml,943000,30,0.0,0,0,Slow
Kem dưỡng da chống lão hóa giàu ẩm Shiseido Benefiance Wrinkle Smoothing Cream Enriched 50ml,1780450,7,5.0,3,10,Slow
Toner cấp ẩm phục hồi da Oribe Soft Touch sáng da se khít lỗ chân lông 150ml,145000,26,0.0,0,2,Slow
Hộp mặt nạ tinh chất làm dịu và cải thiện da mụn - nhạy cảm cao cấp Hada Labo Premium Pore Care Serum Mask (115g/5 miếng),175000,20,0.0,0,7,Slow
Tinh chất dưỡng ẩm sâu Donghae RATAPLAN dạng xịt - cấp nước tức thì - làm sáng da và tăng độ đàn hồi 110ml,522000,0,0.0,0,0,Slow
Sample Tinh Chất B512 Repair Hyadrating Booster Hỗ Trợ Làm Diụ - Giảm Kích Ứng Và Cải Thiện Độ Ẩm Cho Da 5ml,65000,0,0.0,0,1,Slow
Tinh chất DrCeutics Basic B5 Hydration giúp cấp ẩm dành cho da dầu (30g/100g) - Hàng chính hãng,149000,21,5.0,1,1,Slow
Tinh chất bí đao 7% Niacinamide giúp giảm mụn - mờ vết thâm Cocoon 70ml,238700,20,5.0,2,16,Slow
Kem dưỡng ẩm cho da nhạy cảm Cetaphil Moisturizing Cream 453g,510000,0,5.0,1,12,Slow
Gel Rửa Mặt Cho Da Mụn Eucerin 3X Treatment Gel To Foam Cleanser 75ml,214500,17,5.0,1,17,Slow
Sữa rửa mặt trẻ em POLI Foam Cleansing Fresh Hàn Quốc làm sạch da mặt dịu nhẹ và không gây kích ứng 120ml,155000,0,0.0,0,3,Slow
Bọt Rửa Mặt Serenys Tạo Bọt Sẵn Làm Sạch Sâu 150ml - Sữa Rửa Mặt Tạo Bọt Mềm Mịn Làm Sạch Sâu Tinh Dầu Tram Trà Cho Da Mụn Da Dầu Nhạy Cảm Serenys 150ml - Hàng Chính Hãng,129000,0,0.0,0,1,Slow
Mặt Nạ Maiko Moisture facial Mask 3GF,35000,0,0.0,0,2,Slow
Kem Chống Nắng - Chống Nước Và Nâng Tone Kose Suncut Nhật Bản Bảo Vệ Da Khỏi Tia UV - Bụi Mịn SPF50+ PA++++ 100g - 80g - 60g,129000,0,5.0,3,9,Slow
Kem dưỡng ẩm Welcos IOU Super Aqua Moist Cream cung cấp dưỡng ẩm chuyên sâu cho da 300gr,255000,0,0.0,0,0,Slow
Toner nước nghệ Hưng Yên Cocoon 310ml giúp da sáng mịn rạng rỡ thuần chay,285000,5,0.0,0,7,Slow
Kem đêm dưỡng trắng da trị nám TRANSINO Whitening Repair Cream EX,999000,0,2.0,1,5,Slow
Gel rửa mặt BHA Compliment No Problem làm sạch sâu - giảm viêm & mụn 200ml,79000,0,5.0,19,85,Slow
Nước tẩy trang RHA chống lão hóa 3 TRONG 1 Teoxane RHA Micellar Solution,900000,0,0.0,0,1,Slow
Bộ đôi Kem chống nắng dạng sữa dịu nhẹ cho da nhạy cảm và trẻ em + Kem chống nắng dạng xịt dưỡng da bảo vệ hoàn hảo (Anessa Mild Milk 60ml + Gold Spray 60g),877500,25,1.0,1,15,Slow
Kem chống nắng vật lý Skin Aqua kiềm dầu - dạng sữa dùng hàng ngày Sunplay Skin Aqua Mineral Defense Oil Clear Milk SPF50+ PA++++ 25g,106000,24,4.7,27,184,Slow
Kem dưỡng ngày trắng da - làm sáng da -làm mờ dấu hiệu lão hóa da Lá House Herbal White DD Cream SPF 60PA+++ 10ml/30ml,445000,0,5.0,58,412,Slow
Tẩy tế bào chết Than hoạt tính thải độc Benew Charcoal Detox Peeling Gel,125000,0,0.0,0,1,Slow
Kem cấp ẩm - dưỡng trắng da cao cấp DAY CREAM GOGREEN 50ml,950000,0,5.0,2,7,Slow
Kem dưỡng trắng dạng gel Hada Labo Koi-Gokujyun Whitening Perfect Gel 100g,351000,20,4.5,122,483,Slow
KEM MASAGE TINH DÂU JPJOBA (DERMA FACE DEEP MASSAGE) LARIAN+,850000,0,0.0,0,1,Slow
Kem HOLY CARE Đông Trùng - Linh Chi  9in1 20g Làm Trắng - Giảm Thâm Nám - Chống Lão Hóa - Mờ Nếp Nhăn,680000,10,5.0,7,49,Slow
Sữa rửa mặt tạo bọt than clarista 160g,135000,50,5.0,2,18,Slow
KEM GIÚP TÁI TẠO DA  - PHỤC HỒI DA HƯ TỔN  - LÀM TRẮNG DA ( MS : ML - 007)12g,95000,0,0.0,0,1,Slow
Vichy Kem Dưỡng Chống Nhăn Săn Chắc Da Ban Đêm Liftactiv Ds Night Cream 50ml,1120000,30,3.8,4,12,Slow
Sữa Rửa Mặt Kèm Tẩy Trang Lá Đào Naive (200g),107900,0,4.8,8,38,Slow
Kem Dưỡng Naturie Hatomugi Cải Thiện Làn Da khô - thâm - mụn 180g,310000,0,4.5,30,99,Slow
Kem dưỡng ẩm Phấn Nụ Hoàng Cung,280000,0,4.5,5,37,Slow
Kem chống nắng Sunplay mát lạnh giải nhiệt dạng sữa Sunplay Super Cool SPF 50 - PA++++ 30g,76000,29,4.8,218,4577,Hot
Combo 3 Giấy Thấm Dầu Mayan (200 Tờ / Gói),82000,22,4.3,124,2509,Hot
Bộ Dưỡng Da Chống Lão Hóa Ohui Age Recovery Special Set 3pcs,2625000,25,0.0,0,0,Slow
Nước thần đỏ Shiseido Eudermine Activating Essence 145ml,1944000,10,0.0,0,1,Slow
Tinh chất dưỡng da Shiseido Ultimune Power Infusing 4.0 Serum 50ml,2916000,10,5.0,1,3,Slow
Bộ dưỡng tự sinh chống lão hóa Whoo Bichup 3pcs ,385000,43,5.0,1,3,Slow
Nước thần keo ong (tiền tinh chất) dưỡng da giúp phục hồi làn da CNP Laboratory Propolis Ampule Essence 150ml,608000,31,0.0,0,4,Slow
Toner Compliment AHA BHA acids sạch sâu - giảm mụn - se khít chân lông (XANH) 200ml,110000,0,0.0,0,4,Slow
Kem Dưỡng Ẩm Bioderma Sebium 40ml,450000,0,0.0,0,1,Slow
Toner Acid Giảm Thâm Nám Chuyên Biệt Angel's Liquid Tranexamic Mela Zero Toner 150ml,610000,47,5.0,1,1,Slow
[PHIÊN BẢN NÂNG CẤP] Xịt Giảm Mụn Lưng Sáng Da Cơ Thể Angel's Liquid Glutathione+ Spot Care Body Mist 150ml,392500,46,0.0,0,12,Slow
[Tặng giấy thấm dầu] Kem Chống Nắng Cấp Ẩm Dịu Da Cell Fusion C Aquatica Sunscreen 100 SPF 50+/PA,409000,21,0.0,0,17,Slow
Combo 2 Kem Chống Nắng Dưỡng Trắng Nâng Tone Da Cell Fusion C Brightening Tone Up Sunscreen 100 SPF50+/ PA ++++ 35ml,460000,42,5.0,4,36,Slow
Tinh chất bí đao N15 với 15% Niacinamide giảm bóng nhờn và giảm mụn Cocoon 70ml,412500,15,0.0,0,7,Slow
Nước tẩy trang bí đao Cocoon 140ml,120500,15,5.0,1,23,Slow
Gel Giúp Loại Bỏ Tế Bào Da Chết Thu Nhỏ Lỗ Chân Lông 120G Rosette Gommage Clear Peel,180000,0,5.0,1,9,Slow
Kem Dưỡng Ẩm Cho Da Khô CeraVe Moisturising Cream 454g,245000,0,4.5,2,7,Slow
Gel Chống Nắng Anessa Perfect UV Sunscreen Skincare 15ml,55000,0,5.0,1,16,Slow
Dưỡng chất ban đêm giúp sáng da - giảm & ngừa thâm Garnier 10% Vitamin C - Garnier Bright Complete Overnight Serum 30ml,198000,0,0.0,0,3,Slow
Gel sữa rửa mặt Compliment No Problem giảm mụn,95000,0,5.0,1,10,Slow
[L'OREAL PARIS] Kem Dưỡng Ban Đêm AHA Giúp Mờ Thâm Nám Và Cấp Ẩm Tối Ưu Glycolic Bright Glowing Cream Night 50/15/7.5ml,35000,0,5.0,1,13,Slow
Tẩy tế bào chết vật lý  dành cho mọi làn da Dermalogical Daily Microfoliant 73g,580000,0,0.0,0,0,Slow
Kem Dưỡng L'oreal Paris Sáng Mịn Mờ Thâm Nám Ban Ngày SPF17 Glycolic-Bright Glowing Cream Day 50ml,360000,0,5.0,3,19,Slow
Nước Tẩy Trang làm Sạch Sâu Garnier Micellar Cleansing Water,65000,0,0.0,0,0,Slow
Sữa Rửa Mặt Dịu Nhẹ Cho Da Dầu CeraVe Foaming Cleanser 473ml,485000,0,0.0,0,9,Slow
Kem dưỡng ẩm giảm bọng mắt và quầng thâm nguồn gốc thiên nhiên Qiriness Radiance Eye Contour Serum 15ml,999000,0,0.0,0,0,Slow
Bộ sản phẩm Kem chống nắng dưỡng da bảo vệ hoàn hảo (Anessa Gold Milk 60ml x2 + Gold Gel 90g),1154000,5,5.0,1,10,Slow
Sữa Rửa Mặt Ngừa Mụn Và Làm Sáng Da 31302 Reihaku Hatomugi Facial Foam(Tuýp 130 G),91000,50,4.6,5,15,Slow
Kem dưỡng ẩm Cetaphil Moisturizing Cream 50g,256000,0,5.0,34,213,Slow
Bộ đôi Kem chống nắng dạng sữa dịu nhẹ cho da nhạy cảm và trẻ em (Anessa Mild Milk 60ml x2),1089500,24,5.0,5,6822,Hot
Nước Tẩy Trang NIVEA Pearl Bright Sáng Da | Sạch Sâu (400 ml) - 84912,130000,31,0.0,0,130,Slow
Lip Smacker - Set 6 Cây Son Coca Coca Vỉ Nhôm Vị Truyền Thống - LipSmaker Coca Cola Vintage Bottle Tint,219000,0,4.8,10,29,Slow
Kem Dưỡng Phục Hồi Embryolisse Lait-Crème Concentré 30ml,269000,0,5.0,15,75,Slow
Dưỡng Chất Dưỡng Da LANCOME Advanced Genifique Serum B 20Ml,1250000,0,0.0,0,3,Slow
Kem Dưỡng Làm Dịu Kích Ứng Và Phục Hồi Da La Roche-Posay Cicaplast Baume B5 (40ml) Tặng Nước Tẩy Trang La Roche 50ml,399000,0,4.8,12,36,Slow
Sữa Rửa Mặt NIVEA MEN Detox Mud Bùn Khoáng Giúp Giảm Mụn & Hư Tổn Da (100G) - 83940,79000,4,5.0,5,28967,Hot
Kem chống nắng nâng tông Skin Aqua Tone up Mint Green cho da trắng có khuyết điểm đỏ - dạng sữa Sunplay Skin Aqua Tone Up UV Milk Mint Green SPF 50+ PA++++ 50g,163000,19,4.8,709,4874,Hot
Kem chống nắng nâng tông Skin Aqua Tone up Mint Green cho da trắng có khuyết điểm đỏ - dạng tinh chất Sunplay Skin Aqua Tone Up UV Essence Mint Green SPF 50+ PA++++ 50g,163000,19,4.8,401,2805,Hot
Kem Chống Nắng Sakura Physical Daily Defense SPF 50+ PA ++++ (60g),955000,0,0.0,0,13,Slow
Phấn chống lão hóa mới màu da Phấn Nụ Hoàng Cung,180000,0,4.8,29,232,Slow
Bộ 2 hộp Bông Trang Điểm Silcot (bông tẩy trang) Nhật Bản (82 miếng/hộp),90000,0,4.0,1,7,Slow
Kem chống nắng Skin Aqua dưỡng ẩm - dạng sữa dùng hàng ngày Sunplay Skin UV Moisture SPF 50 - PA++++ 30g,86000,26,4.8,310,5612,Hot
Mặt Nạ Cấp Ẩm Làm Dịu Và Phục Hồi Caryophy Skin Repair Mask Sheet 25g,35000,0,0.0,0,0,Slow
[GIFT] SỮA RỬA MẶT THUẦN CHAY OVALLA 50ML,280000,0,0.0,0,6,Slow
Nhũ Tương Dưỡng Trắng Da & Ngăn Ngừa Lão Hóa Infinity Kosé Innovative Bright XX 120ml,2206800,0,0.0,0,0,Slow
Gel chấm mụn giảm mụn giảm thâm mụn làm khô cồi mụn nhanh 12H Oribe Spot Clear Derma Calm 12H,140000,35,0.0,0,1,Slow
Kem chống nắng lâu trôi Cancer Council Daily Moisturiser Water Resistant SPF50+ (75ml/150ml) - Hàng chính hãng,319000,24,0.0,0,0,Slow
Kem Chống Nắng Màu Kem Nền Mona Frema SUNPRE DD Xtreme Sunscreen Foundation 50ml,78840,0,5.0,3,4,Slow
Kem trẻ hóa da Pime Remade Clean Toks Cream - hỗ trợ ngăn lão hóa - phục hồi da - tăng sinh collagen - làm sáng da 50g,790500,7,0.0,0,0,Slow
Kem Tẩy Tế Bào Da Chết Cho Môi Kissme Puchi Mochi Lips Scrub (Tuýp 10 G),249000,50,0.0,0,2,Slow
Combo 10 miếng Mặt Nạ YUEJIN Liposome PP Mask (mẫu mới có hộp) hạn 2027 Tái Tạo Đa Tầng Làn Da Nuôi Dưỡng Tế Bào - Phục Hồi Nhanh - Cấp Ẩm,170000,0,0.0,0,3,Slow
Sữa rửa mặt SIMPLE dưỡng ẩm 150ml,138000,0,0.0,0,3,Slow
SỮA RỬA MẶT RAU MÁ CICA CAO CẤP 7 TÁC DỤNG – DABO 7IN1 MULTI CICA FOAM CLEANSER 180ML,170000,0,0.0,0,1,Slow
Kem dưỡng mắt keo ong làm sáng và săn chắc vùng mắt CNP Propolis Essential Eye Cream 50ml,705000,25,0.0,0,1,Slow
Set Sửa Rửa Mặt Ohui Age Recovery Soft Amino Foam Special Set,760000,20,0.0,0,1,Slow
 Mini 12ml Kem Chống Nắng Perfect UV Sunscreen Mild Milk,65000,13,0.0,0,5,Slow
Mặt nạ Kyung Lab PDRN Therapy Mask,15000,0,0.0,0,2,Slow
Gel Lột Mụn OKESHOP 30ml - Giải Pháp Loại Bỏ Mụn Đầu Đen - Mụn Cám - Bạ Nhờn - Làm Sạch Sâu Và Thu Nhỏ Lỗ Chân Lông,79000,20,0.0,0,6,Slow
Kem dưỡng dạng gel sữa cho da mụn với tác động kép Vichy Normaderm Phytosolution Double-Correction Daily Care 50ml,568000,12,5.0,2,18,Slow
Sữa Rửa Mặt Tạo Bọt Dịu Lành Cho Da Nhạy Cảm Cetaphil Hydrating Foaming Cream Cleanser 473ml,450000,0,4.0,1,23,Slow
SERUM FEIYA - FEIYA WHITENING EGF 5ml - GIẢI PHÁP PHỤC HỒI - TÁI TẠO - CHỐNG NHĂN - XÓA ĐỐM NÂU (USA),280000,20,0.0,0,12,Slow
Thạch hoa hồng dưỡng ẩm Cocoon 100ml cấp ẩm da khô dưỡng làn da mịn màng thuần chay,365750,5,4.0,2,7,Slow
[GARNIER] Tinh Chất Vitamin C Chuyên Sâu Giúp Trắng Da - Mờ Thâm Mụn Và Nám Bright Complete 30x VTC Booster Serum 30/15ml,35000,0,5.0,1,7,Slow
Serum Trắng Da White Skin Care Tinh Chất Dưỡng Ẩm Chống Lão Hoá Da Mặt Mờ Nám - 1 Vỉ 5 Viên,65000,0,5.0,1,2,Slow
Nước Tẩy Trang Garnier Dành Cho Da Nhạy Cảm Micellar Cleansing Water For Sensitive Skin 400ml,145000,0,0.0,0,6,Slow
Kem Dưỡng Trắng - Tái Tạo - Trẻ Hóa Collagen VK II 35g,350000,0,5.0,1,6,Slow
Lisse Sẹo Cicatrice ( tube 10 gam) - làn da phẳng mịn  -sạch sẹo lồi - sẹo lõm - sẹo thâm do mụn - sẹo lâu năm,143000,0,0.0,0,0,Slow
Bộ travel size dưỡng ẩm sâu Hada Labo Advanced Nourish Travel kit (Kem rửa mặt 15g + Dung dịch dưỡng 20ml + Kem dưỡng 12g),73500,17,4.6,7,110,Slow
Cao Nám Insam DR CELL 20g hỗ trợ mờ thâm nám dưỡng trắng da la -2 đều màu da - Hàng Chính Hãng,950000,20,4.7,3,17,Slow
Nước Thần Phủ Bóng Dưỡng Da Trắng Mịn Angel's Liquid Glutathione plus Niacinamide 700V Essence 150ml,408000,34,5.0,1,7,Slow
Giấy thấm dầu BASICARE trà xanh 200 tờ 1869,49000,0,0.0,0,2,Slow
Kem dưỡng ẩm cho viêm da cơ địa Cetaphil Pro AD Moisturizer 295ml,700000,0,4.7,15,117,Slow
Sữa Rửa Mặt Dưỡng Ẩm Tẩy Da Chết Whoo Gongjinhyang Clarifying Cleansing Foam 40ml,190000,37,0.0,0,4,Slow
 Nước Xịt Khoáng Dưỡng Da Avene Thermal Spring Water 300ml (Tặng băng đô mèo xinh xắn màu sắc ngẫu nhiên),399000,0,4.6,19,107,Slow
Bộ sản phẩm chuyên biệt dành cho da dầu mụn La Roche Posay,725000,0,5.0,7,25,Slow
Tẩy Da Chết Cà phê Đăk Lăk Cocoon 200ml,125000,0,4.8,526,2613,Hot
SỮA RỬA MẶT SKINICER REPAIR CLEANSER 100ML,880000,0,5.0,1,1,Slow
VICHY TINH CHẤT KHOÁNG CÔ ĐẶC VICHY MINERAL 89 50ML TẶNG XỊT KHOÁNG THERMAL 150ML,1125000,0,0.0,0,1,Slow
SỮA RỬA MẶT TRÀ XANH CAO CẤP HÀN QUỐC BENEW GREEN TEA FOAM CLEANSING ( 100ML ) - HÀNG CHÍNH HÃNG,85000,0,0.0,0,5,Slow
Dầu tẩy trang OHUI Miracle Moisture Cleansing Oil 150ml FI50233235,523000,30,0.0,0,5,Slow
Gel Tẩy Tế Bào Chết Naruko Trà Tràm Tea Tree Shine Control And Blemish Clear Peeling Gel (120ml),309000,0,5.0,17,98,Slow
Combo 10 Mặt Nạ Dermal Tinh Chất Collagen Với Chiết Xuất Ngọc Trai,115000,21,4.8,5,91,Slow
Bộ Tái Sinh Da Cao Cấp Ohui The First Geniture Signature Special Set,4536000,28,0.0,0,0,Slow
Nước cân bằng dưỡng sáng hồng da CNP Derma Answer Pink Toning Toner 200ml,398000,30,0.0,0,1,Slow
Kem dưỡng trẻ hóa da Olay Regenerist Super Collagen Peptide (45g) - Hàng chính hãng,449000,25,0.0,0,1,Slow
Nước Hoa Hồng Se Khít Lỗ Chân Lông Chiết Xuất Tía Tô Chinoshio Perilla Natural Skin Lotion 500 mL,125000,50,0.0,0,1,Slow
Mặt Nạ Đất Sét Băng Lạnh Loại Bỏ Dầu Nhờn - Thu Nhỏ Lỗ Chân Lông - Làm Dịu Da Aperire Spa Relief Pore Mask 120g - Cấp ẩm dịu da,330500,34,0.0,0,1,Slow
Kem chống nắng dưỡng da chuyên sâu dạng serum Skin Aqua UV Defense Duo Serum 30g,176500,19,0.0,0,1,Slow
Sữa chống nắng cho da nhạy cảm Shiseido GSC Perfect Sun Protector Lotion Sensitive SPF50+ 50ml,1107000,10,4.5,2,6,Slow
Bộ sản phẩm chống lão hóa và phục hồi da SU:M37 LosecSumma 2pcs Set,3631000,30,0.0,0,0,Slow
Bộ Sữa Rửa Mặt Tái Sinh Ohui The First Geniture Foam Cleanser Special Set,1280000,20,0.0,0,0,Slow
Kem chống nắng nâng tông - che khuyết điểm kiềm dầu Herietta UV System Skin Tone - Up Sun Cream Hàn Quôc 70ml,225000,0,0.0,0,1,Slow
COMBO 10 Miếng Mặt Nạ BANOBAGI PREMIUM Thế Hệ Mới Dưỡng Da Chuyên Sâu Dành Cho Mọi Loại Da 30ml,220000,0,0.0,0,0,Slow
Xịt khoáng nghệ Hưng Yên Cocoon 130ml,179500,15,5.0,4,34,Slow
Fragmyx Oxyx – Huyết thanh làm sáng - tái tạo da và ngăn lão hóa,1550000,0,0.0,0,0,Slow
[MỚI] Serum dưỡng da và phục hồi da sau nắng Anessa Night Sun Care Serum 180ml,487500,21,5.0,2,22,Slow
Kem dưỡng sáng da cho nam dạng gel Oxy Brightening Gel 50g,173000,20,5.0,3,46,Slow
Mặt Nạ Cấp Nước Su:m37 Water-full 3 Steps (hộp 10 miếng),790000,28,0.0,0,3,Slow
Kem Dưỡng Ban Ngày L'Oreal Paris Revitalift Hyaluronic Acid Plumping Cream Day Cấp Ẩm 50ml,299000,0,0.0,0,2,Slow
[LA ROCHE-POSAY] Kem Dưỡng Ngăn Ngừa Mụn Chuyên Sâu - Giảm Thâm & Mụn Nhanh Sau 12H Effaclar Duo+ 40/15/3ml,25000,0,5.0,1,10,Slow
Sữa Rửa Mặt Dịu Nhẹ Cho Da Thường Đến Da Dầu Cerave Foaming Facial Cleanser 355ml - 473ml Hàng Nhập Mỹ,495000,0,4.8,46,18,Slow
Serum Dưỡng Ẩm  Trắng Da Chống Lão Hóa,550000,0,0.0,0,0,Slow
KEM CHỐNG THÂM QUẦNG - BỌNG MẮT - NẾP NHĂN VÙNG MẮT NEW KUMARGIC EYE DX 20g Nhật Bản (Mẫu mới nhất),235000,0,5.0,11,65,Slow
Sữa rửa mặt trắng da Hatomugi Cleansing Foam hạt Ý Dĩ,89000,0,5.0,7,47,Slow
Serum chống lão hóa da và giảm nám tàn nhang DERMEDEN Intense Anti-ageing Retinol 1% + Niacinamide 5% 30ml,2600000,0,0.0,0,0,Slow
Kem dưỡng ẩm làm sáng da ban đêm Cetaphil Bright Healthy Radiance Night Comfort Cream 50g,719000,0,4.8,26,108,Slow
Combo 10 Mặt Nạ Chống Lão Hóa - Giảm Nếp Nhăn BNBG Vita Cocktail AGE Foil Mask 30mlx10,299000,32,5.0,6,20,Slow
Kem Chống Nắng La Roche Posay Dạng Gel Làm Sáng Da Uvidea Anthelios Tone-Up Rosy SPF50+ 30ml,850000,0,5.0,1,5,Slow
Nước hoa cúc Kiehls Calendula Herbal-Extract Toner Alcohol-Free,250000,0,0.0,0,2,Slow
Chống nắng dạng thỏi dưỡng trắng cải thiện nếp nhăn Su:m37 Sun-away Velvet Sun Stick SPF50+/PA++++ 18g,622500,25,4.8,6,18,Slow
Kem chống nắng kiêm kem lót dưỡng trắng Su:m37 Sun-away Multi Effect Sunblock AD SPF50+ PA+++ 50ml,855000,25,5.0,5,43,Slow
Cicaplast Baume B5 La Roche-Posay Kem Dưỡng Làm Dịu Mát Mượt & Phục Hồi Da Phù Hợp Cho Trẻ Em - Trẻ Sơ Sinh (100ml) - M6918702,510000,0,4.5,17,87,Slow
Kem Dưỡng đa năng Embryolisse,269000,0,5.0,8,41,Slow
Nước tẩy trang Chacott For Professionals 500ml của Nhật Bản,329000,0,5.0,1,5,Slow
Kem Dưỡng Ngăn Ngừa Lão Hóa Da Ban Ngày Vichy Liftactiv Supreme 50ml,1600000,0,5.0,2,11,Slow
Hộp 8 Miếng Mặt Nạ Kiểm Soát Dầu Và Mụn Naruko Tràm Trà (Bản Đài) - Tea Tree Shine Control And Blemish Clear Mask,319000,0,5.0,115,685,Hot
Nước Tẩy Trang Làm Sạch Sâu Cho Da Nhạy Cảm La Roche-Posay Micellar Water Ultra Sensitive Skin 400ml,525000,0,5.0,17,73,Slow
Nước tẩy trang dành cho da nhạy cảm BIODERMA Sensibio H2O 500ml,549000,0,4.8,77,1072,Hot
Xịt Khoáng 50ml La roche posay,145000,0,4.8,12,80,Slow
Sữa Rửa Mặt Cetaphil Gentle Skin Cleaner (500ml) - 8394107341305 -9318637069637,499000,0,5.0,115,461,Slow
Sữa Rửa Mặt Sạch Mụn Đầu Đen St.Ives Trà Xanh (170g),135000,0,4.6,14,101,Slow
Combo Kem Dưỡng Giảm Mụn - Ngừa Vết Thâm - Se Nhỏ Lỗ Chân Lông La Roche-Posay Effaclar Duo+ M694050 (40ml) + Gel Rửa Mặt Dành Cho Da Dầu Nhạy Cảm La Roche-Posay Effaclar Purifying Foaming Gel 100771312 (50ml),490000,0,5.0,9,38,Slow
Kem Dưỡng Ẩm Ban Đêm Sekkisei Phục Hồi - Cấp Ẩm - Làm Sáng Da Cho Da Nhạy Cảm Sekkisei Clear Wellness Kose Nhật Bản 40g,1149000,0,0.0,0,0,Slow
Sữa Chống Nắng Dưỡng Da Shiseido GSC Urban Environment Triple Beauty Suncare Emulsion SPF50+ PA++++ 30ml,1193400,10,0.0,0,2,Slow
Kem Chống Nắng Some By Mi V10 Hyal Antioxidant Suncreen SPF 50+ PA++++ 40g,199000,0,0.0,0,0,Slow
Kem dưỡng nâng tông da PERFECT DIARY 40g dưỡng ẩm mỏng nhẹ sáng da tức thời,198500,35,0.0,0,9,Slow
Kem chống nắng làm dịu giúp hạ nhiệt Beyond Angel Aqua Moisture Sun Cream SPF 50+/PA,225000,25,0.0,0,2,Slow
Kem Dưỡng Ẩm Da NIVEA Crème (30 ml) - 80101,44500,13,0.0,0,115,Slow
Kem Dưỡng Trắng Oultra Phục Hồi - Trẻ Hóa Da,862000,0,0.0,0,0,Slow
Serum và Kem dưỡng Compliment Axit Azelaic cho da dầu nhờn - xỉn màu 27ml,125000,0,0.0,0,7,Slow
Bộ sữa chống nắng dưỡng da kiềm dầu bảo vệ hoàn hảo SPF50+ PA++++ 60ml và Serum dưỡng da và phục hồi da sau nắng 180ml Anessa,1148500,14,5.0,1,18,Slow
Gel Giúp Loại Bỏ Tế Bào Da Chết Dưỡng Sáng Da 120G Rosette Gommage Bright Peel,180000,0,0.0,0,3,Slow
Kem dưỡng sáng da mờ thâm La Roche-Posay Mela B3 40ml,935000,5,0.0,0,0,Slow
Dưỡng chất giảm thâm nám và dưỡng sáng toàn diện La Roche-Posay Mela B3 serum 30ml,980000,0,0.0,0,4,Slow
Bộ Trị Nám Aithan Melasma And Whitening (Set 4 Món),600000,0,0.0,0,0,Slow
Combo 2 Kem dưỡng ẩm dịu lành cho da nhạy cảm CETAPHIL MOISTURISING CREAM 50G,512000,0,0.0,0,30,Slow
Kem Dưỡng Kintsugi Phục Hồi Hàng Rào Bảo Vệ và Giảm Kích Ứng Zakka Naturals 40G,468000,10,0.0,0,0,Slow
Tinh chất giảm mụn giảm thâm và tái tạo da  3 tác động La Roche-Posay Effaclar Serum 30ml,350000,0,3.7,3,10,Slow
TRIAL SIZE - Sữa chống nắng bí đao - Ráo mịn tự nhiên SPF 50+ - UVA-PF 62.6 Cocoon 5ml thuần chay,70000,0,0.0,0,3,Slow
Bộ Sữa rửa mặt dưỡng trắng Ohui Extreme White Bright Cleansing Foam Set 260ml,712500,25,0.0,0,1,Slow
Kem chống nắng Lô hôi dịu da - kiềm dầu Kwailnara Aloe Vera Sun Cream SPF50+ PA++++ 50g,185000,0,0.0,0,1,Slow
Tế Bào Gốc Mibiti Prudente Scar Control – Làm Đầy Sẹo Rỗ - Phục Hồi Da Mỏng Yếu | Kelly Beauty,1100000,0,0.0,0,4,Slow
Sữa Dưỡng Ẩm Ban Đêm Cerave Facial Moist Lotion Pm 52ml,515000,0,0.0,0,3,Slow
Kem Chống Nắng Cấp Ẩm & Dịu Da Cell Fusion C Aquatica Sunscreen 100 SPF 50+/PA,520000,0,0.0,0,0,Slow
TINH CHẤT PHỤC HỒI VITAMIN B5 PIME FEEL UP SERUM 50G,680000,0,0.0,0,3,Slow
Kem B5 Compliment Phục Hồi Da D-Panthenol 7% 75ml ,79000,0,4.8,5,15,Slow
Bộ Kem Dưỡng L'Oreal Paris Ngày Và Đêm Sáng Mịn Mờ Thâm Nám Glycolic-Bright Glowing Cream,603000,0,4.0,1,8,Slow
Sữa Rửa Mặt Tẩy Trang &amp; Làm Sáng Da Hatomugi Hạt Ý Dĩ Nhật Bản (130g),99000,0,0.0,0,2,Slow
Kem chống nắng Cellabel sun cream 45ml,1000000,0,0.0,0,0,Slow
Kem dưỡng ẩm chống lão hóa da - giảm nám tàn nhang DERMEDEN Night Cream Retinol 1% + Niacinamide 5% 50ml,2500000,0,0.0,0,8,Slow
Nước làm sạch và tẩy trang cho mọi loại da Garnier Micellar Water 125ml - 400ml,75000,0,0.0,0,0,Slow
Nước cân bằng làm sáng da Cetaphil Bright Healthy Radiance Refresh Toner 150ml,359000,0,5.0,11,61,Slow
Lotion Hạt Dưỡng Ẩm Ý Dĩ Naturie Hatomugi Skin Conditioner 500ml,149000,0,0.0,0,5,Slow
Combo Simple Làm Sạch Nước Tẩy Trang + Nước Hoa Hồng,159000,0,4.8,32,108,Slow
Tẩy Trang Mắt Môi Chuyên Dụng Maybelline New York Eye & Lip Makeup Remover 40ml,59000,0,5.0,2,20,Slow
Kem Chống Nắng Có Màu Mona Frema SUNPRE High Protection DD Facial Gel 60ml,1069200,0,5.0,4,31,Slow
Combo 10 Mặt Nạ Sáng Da BNBG Vita Cocktail BRIGHTENING Foil Mask 30mlx10,299000,32,5.0,2,13,Slow
Kem chống nắng Skin Aqua cho da nhạy cảm dạng gel dùng hàng ngày Sunplay Skin Aqua Mild Care Gel SPF50+ PA+++ 25g,110000,20,4.7,87,578,Hot
Nước Xịt Khoáng EVOLUDERM 400ml + Tặng 1 Móc Khóa Nhựa 2 Mặt,290000,0,4.8,45,162,Slow
Gel chống nắng Nhật Bản Naris Parasola UV Cut Gel SPF50+ PA++++ (90g) + Tặng gương mini siêu cute,419000,0,4.3,6,21,Slow
Kem chống nắng dạng sữa lỏng nhẹ không nhờn rít La Roche-Posay Anthelios Shaka Fluid SPF 50+ 50ml,375000,0,0.0,0,0,Slow
Sữa Rửa Mặt Trà Xanh Naive (130g),125000,0,4.5,22,167,Slow
Bộ tái sinh làn da phiên bản nâng cấp The Whoo Cheongidan Rejuvenating Pro-radiance 3pcs Set,6005000,30,0.0,0,0,Slow
Kem Dưỡng Ẩm & Dưỡng Trắng - Phục Hồi & Ngăn Ngừa Thâm Nám Cho Da  Sekkisei Brightening Cream Kose Nhật Bản (40g),1206350,0,0.0,0,0,Slow
Toner Pad Trà Xanh hỗ trợ làm sạch sâu - giảm mụn - mờ thâm Pime Tea Tree Toner Pad 60 miếng,567300,7,0.0,0,0,Slow
Combo kem chống nắng nâng tone và kem dưỡng trắng da Jucy,750000,0,0.0,0,0,Slow
Gel Rửa Mặt Bioderma Sebium 200ml,415000,0,0.0,0,2,Slow
Mặt nạ BANOBAGI Vita Genic - Stem Cell - Super Collagen Mask Hàn Quốc bổ sung Vitamin Dưỡng ẩm Nâng cơ Chống lão hóa 30ml,22000,0,0.0,0,0,Slow
Mặt nạ tinh chất cô đặc tái sinh tế bào phục hồi da CONCENTRATED RECOVERY MASK DAMODE 4 cái dùng thử,733000,17,0.0,0,0,Slow
Combo chăm da mụn genZ Oribe Cica Cica Formula hỗ trợ giảm mụn làm mờ thâm phục hồi da,615000,37,0.0,0,0,Slow
Tinh chất làm mờ đốm nâu - thâm nám Emmié Duo C + Arbutin 25.5% Serum (30ml) - Hàng chính hãng,549000,31,5.0,1,6,Slow
Kem Ốc Sên Tonymoly Intense Care Gold 24K Snail Cream 45ML,1100000,0,0.0,0,0,Slow
Mặt nạ đất sét Compliment No Problem Face Mask 80ml sạch da giảm mụn,85000,0,0.0,0,0,Slow
Kem Chống Nắng Anessa Perfect UV Sunscreen Skincare Milk Spf 50+ Pa++++ (60ml),125000,0,5.0,1,12,Slow
Sữa rửa mặt và tẩy trang dưỡng ẩm lô hội Naris Alodew Nhật Bản 100ml,365000,0,0.0,0,4,Slow
Mặt nạ dưỡng da Skin Republic Collagen Hydrogel Face Mask 25ml,139000,0,5.0,1,1,Slow
Kem Dưỡng Trắng Da Body S&W Celaud 180ml,390000,0,0.0,0,0,Slow
Nước Dưỡng Da Ngừa Mụn Và Se Khít Lỗ Chân Lông Club Suppin Nhật Bản (Chai 380ml),239000,0,0.0,0,0,Slow
Sữa Rửa Mặt & Tẩy Trang Tạo Bọt Dưỡng Trắng Da Softymo Kosé Nhật Bản (Tuýp 60g),59000,0,0.0,0,2,Slow
Toner nước nghệ Hưng Yên Cocoon 140ml giúp da sáng mịn rạng rỡ thuần chay,185250,5,0.0,0,3,Slow
Bột tẩy da chết chiết xuất cám gạo DAILY MICROFOLIANT của Dermalogica,440000,0,5.0,1,4,Slow
Tẩy tế bào chết Daily Milkfoliant làm dịu & làm sáng mượt tức thì,308000,0,0.0,0,2,Slow
Dung Dịch Tẩy Tế Bào Chết Paula's Choice 2% BHA 30ml - 118ml,337000,0,3.0,2,10,Slow
Bộ kem dưỡng ngày và đêm: Kem ban ngày 5 trong 1 (30ml) + Kem ban đêm (30g) giúp dưỡng ẩm - nâng tông - sáng da - làm mờ vết thâm - sạm - nám,518000,50,5.0,19,76,Slow
Sữa Rửa Mặt Tạo Bọt Ngừa Mụn Và Dưỡng Sáng Da Chai 29347 Reihaku Hatomugi Facial Whip (160 mL),145000,50,5.0,3,5,Slow
Nước hoa hồng giúp làm sáng da Lá House Lá Care All Natural Toner 200ml/100ml,370000,0,5.0,11,112,Slow
Bộ đôi cấp ẩm - dưỡng trắng da Sắc Ngọc Khang: Serum C dưỡng trắng 30ml + Kem dưỡng da ban đêm 30g,688000,50,0.0,0,5,Slow
Sữa rửa mặt Hatomugi hạt ý dĩ,59000,0,5.0,4,13,Slow
Siêu Tinh Chất Tranexamic Acid Mờ Nám Chuyên Sâu Angel's Liquid Mela Ampoule 30ml,520000,48,5.0,1,5,Slow
Xịt khoáng dưỡng ẩm và làm sáng da Hatomugi Reihaku Hatomugi Mist Lotion 250ml,85000,0,4.6,18,72,Slow
Bộ sản phẩm làm sạch sâu dành cho da nhạy cảm La Roche-Posay Effaclar Double Cleansing,745000,0,5.0,1,6,Slow
DẦU TẨY TRANG OLIVE & ARGAN DEVE NHẬT BẢN (CHAI 200ML),199000,0,5.0,2,18,Slow
Kem dưỡng ẩm dành cho da khô Hiruserine Cream (50g),399000,0,5.0,1,17,Slow
Kem Chống Nắng LANCOME Uvex 2019 Tone Up Milk Spf50 30Ml,1250000,0,0.0,0,2,Slow
Bộ 3 Sản Phẩm Dưỡng Chất (Serum) Khoáng Núi Lửa Cô Đặc Vichy Mineral 89 Giúp Da Sáng Mịn Và Căng Mượt,1285000,0,4.5,8,30,Slow
Nước Xịt Khoáng Dưỡng Da Vichy Thermale 150ml +  Tặng Mineral 89 1.5ml,375000,5,3.5,2,6,Slow
3 hộp Kem dưỡng trắng da ngăn ngừa  lão hóa Hera Youth Extend,2300000,0,0.0,0,0,Slow
Kem Dưỡng Trắng Da Toàn Thân White Conc Watery Ban Đêm - Chai 90g,550000,0,5.0,6,44,Slow
Mặt Nạ Đất Sét Táo Xanh Điều Chỉnh Sắc Tố - Có Chứng Nhận Hữu Cơ - Origani Erda Pigmentation Correction Green Apple Clay Mask 50ml - Xuất Xứ Từ Úc,8000000,0,0.0,0,0,Slow
Combo 5 Giấy Thấm Dầu Mayan Than Hoạt Tính (100 Tờ),175000,0,4.8,57,509,Hot
Combo Kem Làm Giảm Mụn Và Loại Bỏ Dầu Cho Da SVR Sebiaclear Active Tuýp 40ml + Sữa Rửa Mặt Tẩy Tế Bào Chết SVR Sebiaclear Gel Moussant Tuýp 50ml,590000,0,0.0,0,26,Slow
Nước Khoáng Giúp Làm Sạch Và Dịu Da La Roche-Posay Serozinc (50ml),275000,0,4.0,2,4,Slow
Hộp mặt nạ dưỡng da tinh chất cải thiện dấu hiệu lão hóa và săn chắc da cao cấp Hada Labo Premium Rejuvenation Serum Mask 115g (hộp 5 miếng x 23g/ miếng),188500,16,0.0,0,0,Slow
Tinh Chất Vi Dưỡng Olay Regenerist 50ML,549000,0,0.0,0,0,Slow
Kem dưỡng ban ngày Olay Regenerist Micro Sculpting Cream (50g) - Hàng chính hãng,359000,23,0.0,0,12,Slow
Nước tẩy trang SIMPLE sạch da cấp ẩm 400ml,145500,25,0.0,0,0,Slow
Combo 10 Mặt Nạ Dưỡng Trắng WonJin Effect Water Toning Mask 30g,279000,30,5.0,2,27,Slow
Sữa rửa mặt PERFECT DIARY axit amin tạo bọt dịu nhẹ cho da nhạy cảm 200ml,219000,28,5.0,1,8,Slow
[Mẫu Mới] Gel Rửa Mặt Dành Cho Da Dầu - Nhạy Cảm La Roche-Posay Effaclar,45000,0,5.0,1,6,Slow
Kem chống nắng bí đao Cocoon 50ml,309500,22,5.0,7,112,Slow
Thạch Nghệ Hưng Yên Cocoon 30ml,162500,17,5.0,2,6,Slow
Nước bí đao cân bằng da Cocoon 310ml,253650,15,5.0,1,210,Slow
Sữa rửa mặt rau má tạo bọt Oribe Cica Formula làm sạch sâu dưỡng ẩm cho da mụn da dầu nhạy cảm 120ml,107000,29,0.0,0,1,Slow
Bộ Dưỡng Căng Bóng Chống Lão Hóa Sớm OHUI Prime Advancer De-aging Speical Set,2652000,22,0.0,0,2,Slow
Nước Hoa Hồng Lancome Tonique Confort Toner 125ml,350000,0,0.0,0,16,Slow
Nước Hoa Hồng Cấp Ẩm Kiềm Dầu Dưỡng Trắng Xóa Nhăn Cellkey-Scien Moist Daily Toner (150ml),578550,13,5.0,9,23,Slow
Nước tẩy trang sạch bụi bẩn và dầu nhờn tức thì Men Stay Simplicity Micellar water 80ml/200ml,99000,0,5.0,2,3,Slow
Cao Nám Whoo Làm Trắng Làm Mờ Vết Thâm Nám combo 10 vỉ,190000,0,5.0,2,17,Slow
Kem Chống Nắng L’Oreal Mịn Nhẹ Nâng Tông Giảm Thâm Nám 15ml,298000,0,0.0,0,5,Slow
Tinh Chất La Roche-Posay Phục Hồi Độ Ẩm - Săn Chắc Da 50ml Hyalu B5,195000,0,5.0,1,7,Slow
Nước Làm Sạch & Tẩy Trang Garnier Micellar Oil-Infused Cleansing Water 400ml,175000,0,4.0,1,3,Slow
Nước Tẩy Trang L'Oreal Paris Giúp Căng Mịn Da Revitalift Hyaluronic Acid Micellar Water 400ml,242000,0,0.0,0,2,Slow
Kem chống nắng trắng sáng UV TRANSINO,719000,0,0.0,0,1,Slow
Kem dưỡng phục hồi đa công dụng và làm dịu da La Roche-Posay Cicaplast Baume B5+ 40ml,325000,0,0.0,0,12,Slow
Combo 30 gói Kem chống nắng nâng tông da Whoo Seol Radiant Tone Up Sunscreen 1ml,220000,39,4.8,4,27,Slow
[GARNIER] Sữa Rửa Mặt 3 Trong 1 Giúp Ngăn Ngừa Mụn & Thông Thoáng Lỗ Chân Lông Bright Complete Anti-Acnes 50/90/100ml,59000,0,0.0,0,23,Slow
Strataderm 5g - Gel Silicone ngăn ngừa sẹo lồi - sẹo xấu - sẹo lâu năm,400000,0,0.0,0,9,Slow
Nước Tẩy Trang L'Oreal Paris Cho Mọi Loại Da 3-in-1 Loreal Micellar Water Da Dầu Da Nhạy Cảm Da Khô,69000,0,5.0,3,22,Slow
[L'OREAL PARIS] Kem Chống Nắng Giúp Kiểm Soát Dầu Và Thoáng Mịn Làn Da UV Defender SPF 50+/PA++++ Matte & Fresh 50/15ml,345000,0,5.0,1,4,Slow
Kem dưỡng đêm -dưỡng ẩm -dưỡng trắng da LÁ HOUSE Astalock Night Cream 10ml/30ml,625000,0,5.0,15,119,Slow
La Roche-Posay Tinh Chất Phục Hồi Giúp Da Săn Chắc Hyalu B5 Serum 30ml,1150000,0,3.0,2,7,Slow
Gel Rửa Mặt Dịu Nhẹ và Cấp Ẩm Sâu - Emmié by Happy Skin Soothing & Hydrating Derma Cleansing Gel 180ml,188500,33,0.0,0,2,Slow
Serum Ngừa Nám - Tàn Nhang 10ml - Mộc,159000,0,5.0,1,4,Slow
Tinh Chất Truyền Trắng Angel's Liquid Glutathione + Niacinamide 700 V-Ampoule 30ml,385500,37,4.7,3,30,Slow
SERUM D PROGRAM DƯỠNG DA BẢO VỆ CHUYÊN SÂU 40ML,517000,25,4.7,3,14,Slow
SERUM VITAMIN C VÀNG 24K DNA CÁ HỒI  LARIAN+ LOẠI 10ML,480000,0,4.0,1,4,Slow
KEM DƯỠNG TRẮNG DA BỔ SUNG COLLAGEN 50ML - MỸ PHẨM HÀN QUỐC,399000,0,3.8,5,15,Slow
Kem Dưỡng Reihaku Hatomugi Cải Thiện Làn Da khô - thâm - mụn 300g,130000,0,5.0,7,19,Slow
TONER HOA CÚC KIEHL'S Calendula Herbal Extract Toner,1187000,5,0.0,0,3,Slow
LAROCHE-POSAY NƯỚC TẨY TRANG SẠCH SÂU CHO DA DẦU NHẬY CẢM EFFACLAR MICELLAR WATER 50ML,99000,0,4.8,4,25,Slow
Gel hỗ trợ điều trị Sẹo - Mờ Vết Thâm - Thâm Mụn Vitara - Se Gel - BER04 (5g),141000,0,5.0,1,101,Slow
Nước Tẩy Trang Làm Sạch Sâu & Kiểm Soát Bã Nhờn Cho Da Dầu Nhạy Cảm La Roche-Posay Micellar Water Ultra Oily Skin 400ml,510000,0,4.7,15,82,Slow
TENAMYD Kem chống nắng Vật Lý Doctor Mineral Face Care Sunscream SPF50+/PA++++ 50g nâng tone - dành cho da nhạy cảm - dễ kích ứng,559000,14,0.0,0,0,Slow
Mặt Nạ Dưỡng Da The Whoo Bichup Ultimate Recovery Youth Mask,179000,40,0.0,0,0,Slow
Mặt nạ mắt dưỡng ẩm sâu - giảm quầng thâm và nếp nhăn Farmstay - Farmstay collagen water full hydrogel eye patch,355000,0,0.0,0,0,Slow
Kem chống nắng nâng tông Skin Aqua Tone up Blue cho da vàng có khuyết điểm đỏ - dạng tinh chất Sunplay Skin Aqua Tone Up UV Essence Blue SPF 50+ PA++++ 50g,163000,17,0.0,0,17,Slow
Bông tẩy trang Araso 50M,8800,0,0.0,0,22,Slow
Kem chống nắng nâng tông da CNP Laboratory Tone-Up Protection Sun SPF42/PA+++ 50ml,481000,30,3.5,2,15,Slow
Tinh chất PDRN căng bóng sáng da hỗ trợ tái sinh CNP Derma Answer Active Boost Ampule,322500,25,0.0,0,3,Slow
Tinh chất Vitamin C mờ thâm nâng da tươi sáng CNP Derma Answer VitC Mela Spot Ampule,311250,25,0.0,0,0,Slow
[Mini 50ml] Nước tẩy trang Garnier Da Dầu Mụn - Da thường - da khô - da nhạy cảm,60000,0,1.0,1,10,Slow
COMBO 10 MẶT NẠ NÂNG CƠ - TRẺ HÓA DA BNBG EXOSOME SKINBOOSTER MASK 30MLX10,299000,29,5.0,2,20,Slow
Tế Bào Gốc SKIN BOOSTER SUPER SERUM (1 Bộ 4 Chai - Tặng 50g mặt nạ dẻo) - Serum Dưỡng Da Cao Cấp Hàn Quốc - Tái Tạo - Phục Hồi Da,198000,0,0.0,0,0,Slow
Kem nghệ Oirss hỗ trợ giảm mụn mờ thâm sẹo do mụn tuýp 20g,70000,23,5.0,1,5,Slow
Kem Vi Kim Sinh Học Puderma: Tái tạo da - phá Nám không xâm lấn - không xưng đỏ - hiệu quả sau 3 ngày.,798000,5,5.0,1,3,Slow
Tinh Chất Thay Da Sinh Học Tẩy Tế Bào Chết da Mặt So’Natural Red Peel Tingle Serum 35ml,600000,0,0.0,0,2,Slow
Tinh chất ngừa nám và làm trắng da TRANSINO,1190000,0,0.0,0,3,Slow
Tinh Chất Serum Ngừa Mụn Kyung Lab cho Acnes Centella Asiatica Ampoule 50ml,536000,0,0.0,0,0,Slow
Nước Tẩy Trang làm Sạch Sâu Garnier Micellar Cleansing Water,39000,0,5.0,2,13,Slow
Combo 3 Miếng Dán Hỗ Trợ Điều Trị Mụn Mayancare 12 Miếng (1.0cm),82000,22,1.0,1,13,Slow
Dung dịch dưỡng ẩm Hada Labo Acne Care Calming Lotion dành cho da dầu mụn - da nhạy cảm 170ml,224000,20,5.0,14,171,Slow
Gel chống nắng dưỡng da trắng mịn Sunplay Skin Aqua Silky White Gel Limited Edition SPF 50+ PA++++ (30g),92000,3,4.8,110,12807,Hot
Obagi Retinol 1.0 (28g),1134000,0,1.0,1,6,Slow
Kem dưỡng ẩm hồi phục da Dermalogica Skin Smoothing Cream,60000,0,0.0,0,0,Slow
Kem dưỡng ẩm kềm dầu thông thoáng da dermalogica Active Moist dạng gel 50ml,40000,0,0.0,0,0,Slow
Kem Ngừa Mụn Smas AcneFree Acne Treatment Cream 25g -Smas skincare for prevent acne mẫu mới,450000,0,5.0,2,18,Slow
Tẩy tế bào chết Gạo BENEW Brown Rice Peeling Gel 120ml,125000,0,0.0,0,4,Slow
Kem Chống Nắng Caryophy Smart Sunscreen SPF50+ PA +++ Tone Up 50ml,295000,0,4.8,6,23,Slow
Combo 10 Mặt Nạ Cấp Ẩm Cho Da BNBG Vita Cocktail AQUA Foil Mask 30mlx10,299000,32,0.0,0,5,Slow
Combo chống lão hóa trang điểm Phấn Nụ Hoàng Cung,350000,0,5.0,2,14,Slow
Tinh chất serum vitamin C Phấn Nụ Hoàng Cung,660000,0,0.0,0,1,Slow
Kem chống nắng nâng tone da Whoo Seol Radiant Tone Up Sunscreen 50ml,937500,29,5.0,1,6,Slow
Xịt Khoáng Giúp Làm Sạch Và Dịu Da La Roche-Posay Serozinc (150ml) - TẶNG MÓC KHÓA,350000,0,0.0,0,0,Slow
Kem Chống Nắng Không Màu Kiểm Soát Dầu La Roche-Posay Anthelios XL Dry Touch Gel-Cream SPF 50+ UVB & UVA (50ml) - TẶNG MÓC KHÓA,580000,0,0.0,0,1,Slow
Bông Tẩy Trang Mihoo 200 Miếng Bông Tròn,40000,0,4.7,19,61,Slow
Kem chống nắng Korea,560000,0,0.0,0,0,Slow
Dưỡng chất(Serum) dưỡng da giúp ngăn ngừa 10 dấu hiệu lão hóa & làm săn chắc làn da Vichy Liftactiv Supreme Serum 30ml,1745000,0,3.7,3,13,Slow
Bộ sản phẩm làm sạch và bảo vệ da dầu nhạy cảm La Roche-Posay Effaclar Gel,472000,0,0.0,0,12,Slow
Sữa Rửa Mặt Lô Hội Naive (130g),87900,0,4.5,8,77,Slow
Sữa rửa mặt dạng bùn Trà tràm – Naruko Tea Tree Purifying Clay Mask and Cleanser in 1 (120g),279000,0,4.7,205,812,Hot
Combo Ngăn Bụi Toàn Diện Gồm 2 Hộp Silcot Bông Trang Điểm (bông tẩy trang) Nhật Bản + 5 Gói Khẩu Trang Ngăn Khói Bụi Unicharm 3D Mask Super Fit,135000,0,0.0,0,2,Slow
Kem Dưỡng Làm Dịu Kích Ứng Và Phục Hồi Da La Roche-Posay Cicaplast Baume B5 (40ml),369000,0,4.7,41,145,Slow
Kem Dưỡng Ẩm Vitamin C 2% Oribe hỗ trợ trắng da - mờ nám 35g,309000,27,0.0,0,0,Slow
Milaganics [CHÍNH HÃNG] Combo 2 Cây Son Dưỡng Ẩm Nha Đam & Dừa 4.5g - Son Dưỡng Môi An Toàn Không Chì Dưỡng Ẩm Tối Ưu Cho Môi Nhạy Cảm,130000,0,0.0,0,2,Slow
Kem chống nắng Re:lab Sun Shield Cream 50g nâng tông cấp ẩm dưỡng trắng da SPF 50PA+++_chống nắng relab,280000,0,0.0,0,1,Slow
Tinh Chất Keo Ong Tái Tạo Phục Hồi Da CNP Laboratory Propolis Energy Ampule 15ml,457500,25,0.0,0,0,Slow
Bộ dưỡng ẩm - cải thiện độ đàn hồi da Whoo Gong Jin Hyang Firming 5pcs Set GWP,385000,44,0.0,0,0,Slow
 Kem dưỡng da HADA LABO 50g,227000,0,0.0,0,0,Slow
 Kem dưỡng ẩm làm dịu Beyond Angel Aqua Moisture Cream,225000,25,0.0,0,2,Slow
 Xịt khoáng tinh chất keo ong tái tạo da CNP Laboratory Propolis Energy Ampule Mist 50ml,195000,25,0.0,0,2,Slow
Sữa rửa mặt da dầu mụn không có xà phòng - loại bỏ tế bào chết SVR SEBIACLEAR GEL MOUSSANT 55ml/200/400ml,155000,0,0.0,0,0,Slow
COMBO 10 MẶT NẠ DƯỠNG TRẮNG BNBG GLUTATHIONE BRIGHTENING SKINBOOSTER MASK 30MLX10,250000,40,0.0,0,10,Slow
Dung dịch tẩy tế bào chết DrCeutics Basic BHA 2% In Alcohol  (100ml/200ml) - Hàng chính hãng,139000,22,5.0,1,0,Slow
Sữa Rửa Mặt Thu Nhỏ Lỗ Chân Lông 80G Rosette Face Wash Pasta Sea Clay Smooth,93800,30,5.0,1,1,Slow
Nước dưỡng da chiết xuất vitamin c s select 500ml/chai,99000,45,0.0,0,1,Slow
Mặt nạ massage mắt Kobayashi Cooling Eye Mask hương bạc hà dễ chịu - thư giãn đôi mắt Nhật Bản 5 miếng,235000,0,0.0,0,8,Slow
Mặt Nạ Phục Hồi Tế Bào Gốc SenaDemar Sodium DNA B5 Mask 25ml,17000,0,0.0,0,0,Slow
Sữa chống nắng dịu lành cho làn da nhạy cảm của bé CETAPHIL BABY SUN KIDS 150ML,659000,0,0.0,0,6,Slow
Kem dưỡng da Lancome Renergie Multi-Lift Ultra 15ml - Tách Set,425000,0,4.0,1,9,Slow
Lotion Dưỡng Trắng Cao Cấp - Cải Thiện Thâm Nám - Tàn Nhang Hada Labo Shirojyun Premium Whitening Lotion (170ml),275000,17,0.0,0,7,Slow
Kem Dưỡng Giảm Mụn La Roche-Posay Effaclar Duo+ 15ml,65000,0,0.0,0,15,Slow
Kem chống nắng dịu lành cho da nhạy cảm CETAPHIL SUN SPF50+ LIGHT GEL 50ML,499000,0,5.0,1,12,Slow
Combo Nước tẩy trang bí đao cocoon 500ml + Son dưỡng môi dầu dừa bến tre cocoon 5g,315400,5,0.0,0,2,Slow
Tinh chất serum căng bóng da KYUNG LAB HA Plus Hydra Ampoule [ HA + B5 ] 50ml,536000,0,0.0,0,2,Slow
KEM CHỐNG NẮNG LINDSAY,489000,0,5.0,1,17,Slow
Nước hoa hồng Cocoon - nước toner cấp ẩm và làm mềm da 140ml - LS024 - The Cocoon Original Vietnam,277500,0,0.0,0,0,Slow
[Bản mới] Kem dưỡng da mắt Pime Eye Cream hỗ trợ giảm thâm - bọng - mờ nếp nhăn - sụp mí - ngừa lão hóa 20ml,874200,7,4.5,2,4,Slow
Kem Chống Nắng Nâng Tone Dưỡng Ẩm Và Làm Sáng Da Hatomugi SPF50+ PA++++ 70g,179000,0,5.0,4,19,Slow
SỮA RỬA MẶT DÀNH CHO NAM LIKESHI CLEANSING FOAM 120G (ngăn ngừa mụn - sạch dầu nhờn - thải độc da),145000,0,4.8,8,22,Slow
Bộ sản phẩm Kem chống nắng dạng sữa dưỡng da kiềm dầu bảo vệ hoàn hảo (Anessa Gold Milk 60ml + Gold Milk 20ml x2),1150000,0,5.0,1,1,Slow
Bộ đôi làm sạch sâu cho da Sắc Ngọc Khang: Nước tẩy trang 145ml + Sữa rửa mặt 100g,162000,50,5.0,2,8,Slow
Kem chống nắng dạng kem nền che phủ hoàn hảo và bảo vệ da 2 trong 1 Tegoder BB cream SPF30 50 ml mã 4244,795000,0,0.0,0,0,Slow
Nước dưỡng Tảo Biển làm mềm mịn & sáng da Zakka Naturals Sea Kelp Daily Essence 150ml,243000,10,5.0,10,41,Slow
Kem chống lão hóa Vichy Liftactiv Collagen Specialist 15ml,145000,0,4.5,18,211,Slow
Kem Chống Nắng có màu LANCOME Uvex 2019 Bb2 Spf50 Pa4 30Ml Fg,1680000,0,0.0,0,1,Slow
KEM NGỪA MỤN - TRẮNG DA - NGỪA VẾT THÂM-25gram,165000,0,0.0,0,0,Slow
Mặt Nạ Cám Gạo Dạng Thoa Keana Rice Pack Làm Sáng Mịn Da (170g) - NHẬP KHẨU NHẬT BẢN,294000,30,4.8,6,24,Slow
Nước Hoa Hồng Klairs Supple Preparation Facial Toner 180ml - Tím - không hương,229000,0,4.5,2,41,Slow
Kem dưỡng ban đêm Sắc Ngọc Khang dưỡng sáng và mờ thâm nám 10g,135000,48,4.5,94,502,Hot
Xịt khoáng Phấn Nụ Hoàng Cung,209000,0,0.0,0,13,Slow
Naruko Ý Dĩ Nhân Đỏ - Hộp 10 Miếng Mặt Nạ Se Khít Lỗ Chân Lông RJT Pore Minimizing And Brightening Mask (25ml / Miếng),369000,0,4.8,32,192,Slow
Combo 10 Mặt Nạ Dermal Tinh Chất Collagen Với Chiết Xuất Trà Xanh,115000,21,5.0,22,157,Slow
Nước Hoa Hồng Dear Klairs Supple Preparation Unscented Toner 30ml,59000,0,0.0,0,0,Slow
Mặt nạ giấy dưỡng da Foodaholic Essential Mask (10 miếng) - Hàng chính hãng,129000,19,0.0,0,0,Slow
sữa rửa mặt Magnetic[+] Afterglow hút sạch bằng nam châm - nhân đôi độ rạng rỡ 92% của Dermalogica,2002000,0,0.0,0,0,Slow
Gel lô hội Dambi 98% làm dịu da sau khi đi nắng - chính hãng Hàn Quốc 300ml(Aloe Gel),120000,0,0.0,0,2,Slow
Kem chống nắng nâng tông body Skin Aqua dưỡng thể sáng mịn Sunplay Skin Aqua UV Body Tone up Lavender Lotion SPF 50+ PA++++ 130g,208000,20,0.0,0,5,Slow
Kem dưỡng da ban ngày Olay Total Effects 7 in One Day Cream SPF 15 (50g) - Hàng chính hãng,289000,22,0.0,0,11,Slow
Tinh chất dưỡng trắng Olay Luminous Super Serum Niacinamide + AHA (30ml) - Hàng chính hãng,419000,24,5.0,1,3,Slow
Tinh chất dưỡng ẩm Beyond Angel Aqua Water Essence in Lotion 200ml,304000,30,0.0,0,0,Slow
Tinh chất Retinol săn chắc đàn hồi nâng da CNP Derma Answer Tension Angle Fit Ampule,307500,25,0.0,0,0,Slow
Lotion HADA LABO Advanced Nourish Dưỡng Ẩm Sáng Khỏe 170ml - Khô & Thường 0134799,214500,0,0.0,0,2,Slow
Nước Tẩy Trang Bioderma Sensibio dành cho mọi loại da và da nhạy cảm 250ml,445000,0,0.0,0,2,Slow
Mặt nạ ngủ làm dịu và chăm sóc da nhạy cảm belif Clear Soothing Mask 75ml,610000,27,0.0,0,0,Slow
Serum Dưỡng Trắng Da - Cấp Ẩm Đa Tầng Angel's Liquid Glutathione 700mg + 5% HA 7Day Whitening Program 30ml,389000,37,0.0,0,14,Slow
Thạch hoa hồng dưỡng ẩm Cocoon 100ml,319500,15,0.0,0,7,Slow
Sữa rửa mặt dạng gel rửa mặt hoa hồng Cocoon 140ml,162500,15,5.0,2,15,Slow
Mặt Nạ Bột Dẻo TBM Hàn Quốc Chính Hãng - Chiết 50g - 100g (Bạc Hà - Than - Collagen - Vitamin C),49000,0,5.0,1,13,Slow
Nước Hoa Hồng Đậu Đỏ Việt Nam Cỏ Cây Hoa Lá - Toner Cho Mẹ Bầu Cấp Ẩm - Dưỡng Sáng và Làm Mềm Da 150gr,290000,0,0.0,0,0,Slow
Sữa rửa mặt cao cấp trắng da sạch sâu - BENEW WHITE PURIFYING GLUTATHIONE 150ml,145000,0,0.0,0,0,Slow
Sữa Rửa Mặt Tạo Bọt Ngăn Ngừa Mụn NoTS 28REMEDY ACNE PORE FOAM CLEANSER ,380000,0,0.0,0,0,Slow
Tinh Chất Pure Beau Essence Chiết Xuất Collagen - Vitamin C - Placenta 25ml,109000,0,0.0,0,0,Slow
N15 - Serum tinh chất bí đao Cocoon 70ml 15% niacinamide sach mụn Thuần Chay,470250,5,5.0,1,2,Slow
Kem Dưỡng Trắng - Chống Nắng - Nâng Tone - chống lão hóa - BENEW COLLAGEN WHITENING TONE UP CREAM N.K HÀN QUỐC,279000,0,5.0,1,5,Slow
Set mini Serum dưỡng da Lancome Advanced Geifique 10ml + Kem Mắt 5ml,525000,0,5.0,1,6,Slow
Sữa Rửa Mặt Dịu Nhẹ Cho Da Khô CeraVe SA Smoothing Cleanser 236ml,525000,0,0.0,0,3,Slow
Serum Chống Nắng & Dưỡng Thể Toàn Thân NIVEA SUN Spf50 Pa+++ Dưỡng Ẩm Vượt Trội (180 Ml) - 86090,198000,0,0.0,0,0,Slow
Serum C GoodnDoc Dưỡng Trắng Sáng Da -Hỗ Trợ Giảm Thâm Nám - Chống Lão Hóa Vitamin C 16.5 Daily Whitening - GoodnDoc Vitamin C 30ml,490000,0,5.0,11,34,Slow
Bông Tẩy Trang Ipek 150 Miếng (Thổ Nhĩ Kỳ),35000,0,5.0,9,31,Slow
[Quà tặng] Sữa rửa mặt diệt khuẩn cho da nhờn mụn Floslek Anti Acne Bacterial Face Cleansing Gel 200ml + Tặng bọt biển,380000,0,0.0,0,6,Slow
Serum Tinh Chất Chấm Mụn Lành Tính Nhanh Xẹp Mụn Chống Thâm Và Sẹo Rỗ DewyTree The Clean Lab AC DEW Calamine Blemish Spot 20ml,297500,15,4.8,180,742,Hot
Kem chống nắng dưỡng trắng và bảo vệ da Queenie trải nghiệm  Base 20ml - Mỹ Phẩm Hàn Quốc HSD 23/05/2026,50000,0,5.0,1,4,Slow
Combo Nước Hoa Hồng và Tinh Chất Dưỡng Da Rau Má Skin1004 Madagascar Centella Toning Toner and Ampoule 100ml,695000,0,5.0,4,12,Slow
Một túi bông tẩy trang 180 miếng 3 lớp Miniso only the purest ,39500,0,5.0,3,21,Slow
[KHUYẾN MÃI] Bột Mặt Nạ Dẻo Cool Kiềm Dầu Bạc Hà Làm Dịu ADEL Hàn Quốc 1kg,669000,0,4.8,4,16,Slow
Mặt Nạ Cám Gạo Dạng Đắp Keana Rice Mask Dưỡng Ẩm và Làm Sáng Da  (10 Miếng) - NHẬP KHẨU NHẬT BẢN,250000,0,5.0,13,113,Slow
Kem Chống Nắng CELLIO Green Tea Whitening Suncreen KOREA,109000,0,4.6,18,114,Slow
La Roche-Posay Kem Dưỡng Làm Dịu Và Bảo Vệ Da Quá Nhạy Cảm Toleriane Skincare Cream 40ml,545000,0,0.0,0,0,Slow
TOTAL CLEANSING FOAM - SỮA RỬA MẶT TẠO BỌT KIỂM SOÁT DẦU,350000,0,4.8,10,54,Slow
Bộ Sản Phẩm Chăm Sóc Da Mụn La Roche Posay,780000,0,0.0,0,6,Slow
Tinh Dầu Ngăn Ngừa Và  Làm Giảm Mụn Viêm - Sưng Tấy Naruko Trà Tràm Tea Tree Purifying Essential Oil (10ml),329000,0,4.5,8,63,Slow
Nước Làm Sạch Da - Tẩy Trang Và Loại Bỏ Dầu SVR Sebiaclear Eau Micellaire Chai 400ml - SEM,450000,0,4.8,5,18,Slow
Kem dưỡng ẩm MULTIVITAMIN POWER RECOVERY CREAM phục hồi da giàu dưỡng chất phù hợp với tất cả loại da - da lão hoá,374000,0,0.0,0,0,Slow
Nước tẩy trang Oribe làm sạch sâu dịu nhẹ không cay mắt cho mọi làn da 300ml,201000,32,0.0,0,2,Slow
Kem dưỡng siêu phục hồi Lassie’el Hàn Quốc 10ml - Chiết xuất thiên nhiên - dưỡng ẩm - ngăn ngừa lão hóa,220000,0,0.0,0,0,Slow
Kem dưỡng trắng da ban đêm Olay Luminous Light Perfecting Night Cream (50g) - Hàng chính hãng,219000,19,0.0,0,4,Slow
Sữa rửa mặt tái sinh da OHUI The First Geniture Foam Cleanser SET,1350000,25,0.0,0,0,Slow
Tinh chất làm dịu da nhanh chóng & hỗ trợ tẩy tế bào chết nhẹ nhàng CNP Derma Answer SOS Soothing Tonic Ampule (IP-BHA),307500,25,0.0,0,0,Slow
Khăn Khô Lau Mặt Cao Cấp PUFFME - 220 Miếng/Bao,120000,0,0.0,0,3,Slow
Sữa chống nắng SUNPLAY skin aqua tone up SPF50+ PA++++ 50g,181800,10,0.0,0,1,Slow
Bộ 3 Sản Phẩm Dưỡng Da Skin1004 Madagascar Centella bao gồm  Sữa rửa mặt 125ml + Toner 210ml + Serum 55ml,785000,0,0.0,0,0,Slow
Sữa rửa mặt Hàn Quốc làm sạch sâu - chống lão hóa BENEW Collagen 100ml - Hàng chính hãng,85000,0,0.0,0,2,Slow
Combo 05 miếng mặt nạ chăm sóc chuyên biệt X2 dưỡng chất Beyond Intensive Ampoule Mask,198000,28,0.0,0,1,Slow
Sample Tinh chất Bioverse hỗ trợ giảm mụn B351 Acne Clear up Serum 5ml,55000,0,0.0,0,0,Slow
Kem chống nắng dạng gel dưỡng sáng nâng tông & hiệu chỉnh sắc da Anessa Brightening UV Sunscreen Gel SPF50+ PA++++ 90g,85000,0,4.0,4,25,Slow
Tẩy da chết mặt dạng kì Compliment No Problem Peeling Roll sạch sâu ngừa mụn 80ml,95000,0,0.0,0,1,Slow
Tẩy tế bào chết hóa học giúp giảm sự xuất hiện nếp nhăn - đều màu da - thu nhỏ lỗ chân lông Dermalogica Liquid Peelfoliant 59ml,2570000,0,0.0,0,0,Slow
Upsize 75ml Set Kem Chống Nắng Chống Nhăn Whoo Gongjinhyang Anti - Wrinkle UV Protective Cream Special,962500,23,0.0,0,0,Slow
Kem dưỡng ẩm cho da khô - da nhạy cảm Stanhome FLuid Duo 250ml/tuýp,563060,6,0.0,0,2,Slow
Combo 2 Kem Dưỡng Trắng Da Tế Bào Gốc Hàn Quốc Cấp Ẩm Xóa Nhăn Phục Hồi Trẻ Hoá Da Và Chống Lão Hoá Cellkey-Scien White Cream (60g),1666000,15,5.0,2,3,Slow
Thạch bí đao Cocoon 100ml giảm dầu và mụn thuần chay,365750,5,4.5,2,14,Slow
Serum OPtimus Thanh Mộc Hương dưỡng da căng sáng mịn màng ngăn ngừa mụn thâm 30ml,270000,0,0.0,0,2,Slow
Sữa rửa mặt dạng gel Dermalogica Special Cleansing Gel 50ml - 250ml - 500ml dành cho mọi loại da,420000,0,0.0,0,0,Slow
Kem chống nắng vật lý dành cho mọi loại da Dermalogica Physical Invisible Defense SPF30 50ml,1680000,0,0.0,0,0,Slow
Nước Tẩy Trang làm Sạch Sâu Garnier Micellar Cleansing Water,65000,0,0.0,0,0,Slow
Kem Ngừa Mụn Thâm Sẹo VK II ( 10g/20g ),180000,0,5.0,1,4,Slow
Kem sữa rửa mặt GAMA 100g,65000,0,0.0,0,10,Slow
Kem chống nắng vật lý Kamel  sun creen SPF 50 PA+++ 50g,530000,0,5.0,1,11,Slow
[ Tặng chai 150ml ] Xịt khoáng cấp ẩm da Dr HER Paris_400ML,255000,0,5.0,3,13,Slow
Combo Làm sạch và Dưỡng ẩm cho da nhạy cảm Sữa rửa mặt Cetaphil Gentle Skin Cleanser 250ml + Kem dưỡng ẩm Cetaphil Moisturizing Cream 50g,532000,0,5.0,6,28,Slow
Kem dưỡng trắng da Placenta White Label Premium 60g,380000,0,0.0,0,0,Slow
KEM NGỪA NÁM - TÀN NHANG - ĐỒI MỒI -COLLAGEN 20G - MỘC,300000,0,4.5,8,41,Slow
KEM NGỪA MỤN THÂM - MỜ SẸO - COLLAGEN /20G - MỘC,270000,0,4.8,19,94,Slow
SERUM NGỪA MỤN THÂM - MỜ SẸO 25ML - MOC,270000,0,4.6,28,117,Slow
Kem FEIYA Ngọc Trai 50g - Làm Trắng - Giảm Thâm Nám - Cải Thiện Da Tối Màu - Chống Lão Hóa,930000,19,4.8,18,72,Slow
Kem Chống Nắng Vichy Ngừa Sạm Da - Giảm Thâm Nám (Màu Da) 50ml Capital Soleil Anti-Dark Spot 3-in-1 Tinted Daily Care SPF 50 UVA + UVB,356000,5,3.4,11,28,Slow
Sửa rửa mặt trắng da,120000,0,0.0,0,3,Slow
Kem Chống Nắng Dành Cho Da Nhạy Cảm Anthelios Ultra Fluid SPF50+ La Roche Posay 50ml,580000,0,0.0,0,1,Slow
Kem chống nắng giảm bóng nhờn La Roche Posay Anthelios XL Dry Touch 50ml,580000,0,0.0,0,1,Slow
Xịt chống nắng Parasola Essence in UV Cut Spray Nhật Bản 90g + Móc khóa,495000,0,0.0,0,6,Slow
Sữa rửa mặt Nhật Bản ngăn ngừa lão hóa Naris Cosmetic Uruoi Collagen Moisturizing Creamy Foam 100g – Hàng chính hãng,455000,0,5.0,1,5,Slow
Sữa rửa mặt Dabo Collagen Natural Rich Foam Cleanser (180ml),155000,0,0.0,0,1,Slow
